sentence_type,window_key,window,referent,time_rel,mean_prop,sd_prop,n_bins,lower,upper
direct,linguistic_encoding_1,Linguistic encoding I,agent,0.000000,0.539989,0.489219,37,0.379135,0.700843
direct,linguistic_encoding_1,Linguistic encoding I,agent,0.050000,0.363448,0.472896,29,0.187819,0.539077
direct,linguistic_encoding_1,Linguistic encoding I,agent,0.100000,0.328750,0.451304,48,0.198470,0.459030
direct,linguistic_encoding_1,Linguistic encoding I,agent,0.150000,0.405652,0.470436,46,0.266928,0.544376
direct,linguistic_encoding_1,Linguistic encoding I,agent,0.200000,0.436087,0.487818,46,0.292237,0.579937
direct,linguistic_encoding_1,Linguistic encoding I,agent,0.250000,0.505217,0.494025,46,0.359537,0.650898
direct,linguistic_encoding_1,Linguistic encoding I,agent,0.300000,0.522083,0.491013,48,0.380340,0.663826
direct,linguistic_encoding_1,Linguistic encoding I,agent,0.350000,0.440909,0.483513,44,0.295124,0.586694
direct,linguistic_encoding_1,Linguistic encoding I,agent,0.400000,0.486667,0.478461,48,0.348547,0.624786
direct,linguistic_encoding_1,Linguistic encoding I,agent,0.450000,0.543673,0.494986,49,0.402249,0.685098
direct,linguistic_encoding_1,Linguistic encoding I,agent,0.500000,0.518182,0.476378,44,0.374548,0.661815
direct,linguistic_encoding_1,Linguistic encoding I,agent,0.550000,0.548333,0.492408,48,0.406188,0.690479
direct,linguistic_encoding_1,Linguistic encoding I,agent,0.600000,0.488333,0.478345,48,0.350247,0.626420
direct,linguistic_encoding_1,Linguistic encoding I,agent,0.650000,0.578696,0.468063,46,0.440671,0.716720
direct,linguistic_encoding_1,Linguistic encoding I,agent,0.700000,0.617674,0.483267,43,0.470279,0.765069
direct,linguistic_encoding_1,Linguistic encoding I,agent,0.750000,0.609811,0.482184,53,0.477345,0.742278
direct,linguistic_encoding_1,Linguistic encoding I,agent,0.800000,0.495814,0.484926,43,0.347913,0.643715
direct,linguistic_encoding_1,Linguistic encoding I,agent,0.850000,0.497391,0.503192,46,0.349008,0.645774
direct,linguistic_encoding_1,Linguistic encoding I,agent,0.900000,0.556667,0.489608,48,0.415329,0.698004
direct,linguistic_encoding_1,Linguistic encoding I,agent,0.950000,0.479048,0.497819,42,0.325417,0.632678
direct,linguistic_encoding_1,Linguistic encoding I,agent,1.000000,0.446508,0.492437,54,0.312484,0.580532
direct,linguistic_encoding_1,Linguistic encoding I,patient,0.000000,0.350248,0.474036,37,0.194386,0.506110
direct,linguistic_encoding_1,Linguistic encoding I,patient,0.050000,0.455862,0.481289,29,0.277116,0.634608
direct,linguistic_encoding_1,Linguistic encoding I,patient,0.100000,0.426667,0.473939,48,0.289852,0.563481
direct,linguistic_encoding_1,Linguistic encoding I,patient,0.150000,0.356522,0.466177,46,0.219054,0.493990
direct,linguistic_encoding_1,Linguistic encoding I,patient,0.200000,0.446087,0.480146,46,0.304500,0.587674
direct,linguistic_encoding_1,Linguistic encoding I,patient,0.250000,0.427826,0.495374,46,0.281748,0.573904
direct,linguistic_encoding_1,Linguistic encoding I,patient,0.300000,0.380417,0.486437,48,0.239994,0.520839
direct,linguistic_encoding_1,Linguistic encoding I,patient,0.350000,0.345455,0.460644,44,0.206565,0.484344
direct,linguistic_encoding_1,Linguistic encoding I,patient,0.400000,0.344167,0.465617,48,0.209755,0.478579
direct,linguistic_encoding_1,Linguistic encoding I,patient,0.450000,0.326531,0.473804,49,0.191158,0.461903
direct,linguistic_encoding_1,Linguistic encoding I,patient,0.500000,0.284091,0.445872,44,0.149656,0.418526
direct,linguistic_encoding_1,Linguistic encoding I,patient,0.550000,0.225000,0.404096,48,0.108348,0.341652
direct,linguistic_encoding_1,Linguistic encoding I,patient,0.600000,0.142500,0.333814,48,0.046136,0.238864
direct,linguistic_encoding_1,Linguistic encoding I,patient,0.650000,0.237391,0.394915,46,0.120937,0.353845
direct,linguistic_encoding_1,Linguistic encoding I,patient,0.700000,0.269302,0.441175,43,0.134745,0.403859
direct,linguistic_encoding_1,Linguistic encoding I,patient,0.750000,0.265660,0.438518,53,0.145190,0.386131
direct,linguistic_encoding_1,Linguistic encoding I,patient,0.800000,0.358140,0.477530,43,0.212494,0.503785
direct,linguistic_encoding_1,Linguistic encoding I,patient,0.850000,0.413043,0.497821,46,0.266244,0.559843
direct,linguistic_encoding_1,Linguistic encoding I,patient,0.900000,0.258750,0.423891,48,0.136383,0.381117
direct,linguistic_encoding_1,Linguistic encoding I,patient,0.950000,0.356667,0.471343,42,0.211207,0.502126
direct,linguistic_encoding_1,Linguistic encoding I,patient,1.000000,0.285567,0.444507,54,0.164587,0.406546
direct,linguistic_encoding_2,Linguistic encoding II,agent,0.000000,0.480541,0.494918,37,0.317812,0.643269
direct,linguistic_encoding_2,Linguistic encoding II,agent,0.050000,0.416552,0.482318,29,0.237423,0.595680
direct,linguistic_encoding_2,Linguistic encoding II,agent,0.100000,0.448333,0.495079,48,0.305416,0.591250
direct,linguistic_encoding_2,Linguistic encoding II,agent,0.150000,0.432609,0.485311,46,0.289498,0.575719
direct,linguistic_encoding_2,Linguistic encoding II,agent,0.200000,0.551304,0.482966,46,0.408885,0.693723
direct,linguistic_encoding_2,Linguistic encoding II,agent,0.250000,0.566522,0.483672,46,0.423895,0.709149
direct,linguistic_encoding_2,Linguistic encoding II,agent,0.300000,0.582083,0.474297,48,0.445166,0.719001
direct,linguistic_encoding_2,Linguistic encoding II,agent,0.350000,0.639545,0.467701,44,0.498528,0.780563
direct,linguistic_encoding_2,Linguistic encoding II,agent,0.400000,0.564167,0.493635,48,0.421666,0.706667
direct,linguistic_encoding_2,Linguistic encoding II,agent,0.450000,0.494286,0.483839,49,0.356046,0.632525
direct,linguistic_encoding_2,Linguistic encoding II,agent,0.500000,0.442727,0.493956,44,0.293794,0.591661
direct,linguistic_encoding_2,Linguistic encoding II,agent,0.550000,0.573333,0.488930,48,0.432191,0.714475
direct,linguistic_encoding_2,Linguistic encoding II,agent,0.600000,0.570000,0.492652,48,0.427784,0.712216
direct,linguistic_encoding_2,Linguistic encoding II,agent,0.650000,0.610870,0.465918,46,0.473478,0.748261
direct,linguistic_encoding_2,Linguistic encoding II,agent,0.700000,0.619070,0.485621,43,0.470957,0.767183
direct,linguistic_encoding_2,Linguistic encoding II,agent,0.750000,0.693208,0.460985,53,0.566565,0.819850
direct,linguistic_encoding_2,Linguistic encoding II,agent,0.800000,0.684186,0.451000,43,0.546632,0.821740
direct,linguistic_encoding_2,Linguistic encoding II,agent,0.850000,0.672174,0.447104,46,0.540330,0.804018
direct,linguistic_encoding_2,Linguistic encoding II,agent,0.900000,0.532917,0.488602,48,0.391869,0.673964
direct,linguistic_encoding_2,Linguistic encoding II,agent,0.950000,0.508571,0.498840,42,0.354626,0.662517
direct,linguistic_encoding_2,Linguistic encoding II,agent,1.000000,0.484425,0.490742,54,0.350862,0.617988
direct,linguistic_encoding_2,Linguistic encoding II,patient,0.000000,0.287568,0.445904,37,0.140955,0.434180
direct,linguistic_encoding_2,Linguistic encoding II,patient,0.050000,0.310345,0.470824,29,0.135485,0.485204
direct,linguistic_encoding_2,Linguistic encoding II,patient,0.100000,0.291667,0.459340,48,0.159067,0.424267
direct,linguistic_encoding_2,Linguistic encoding II,patient,0.150000,0.333478,0.448069,46,0.201350,0.465606
direct,linguistic_encoding_2,Linguistic encoding II,patient,0.200000,0.264348,0.434284,46,0.136284,0.392411
direct,linguistic_encoding_2,Linguistic encoding II,patient,0.250000,0.240870,0.407375,46,0.120741,0.360998
direct,linguistic_encoding_2,Linguistic encoding II,patient,0.300000,0.171250,0.347389,48,0.070967,0.271533
direct,linguistic_encoding_2,Linguistic encoding II,patient,0.350000,0.128636,0.315710,44,0.033446,0.223826
direct,linguistic_encoding_2,Linguistic encoding II,patient,0.400000,0.182917,0.366606,48,0.077087,0.288747
direct,linguistic_encoding_2,Linguistic encoding II,patient,0.450000,0.251837,0.425655,49,0.130221,0.373452
direct,linguistic_encoding_2,Linguistic encoding II,patient,0.500000,0.333636,0.471628,44,0.191435,0.475838
direct,linguistic_encoding_2,Linguistic encoding II,patient,0.550000,0.199167,0.387089,48,0.087424,0.310910
direct,linguistic_encoding_2,Linguistic encoding II,patient,0.600000,0.217083,0.399318,48,0.101810,0.332357
direct,linguistic_encoding_2,Linguistic encoding II,patient,0.650000,0.192174,0.381284,46,0.079739,0.304608
direct,linguistic_encoding_2,Linguistic encoding II,patient,0.700000,0.139535,0.350605,43,0.032601,0.246468
direct,linguistic_encoding_2,Linguistic encoding II,patient,0.750000,0.168302,0.375836,53,0.065052,0.271552
direct,linguistic_encoding_2,Linguistic encoding II,patient,0.800000,0.100930,0.293775,43,0.011330,0.190531
direct,linguistic_encoding_2,Linguistic encoding II,patient,0.850000,0.095217,0.287802,46,0.010349,0.180086
direct,linguistic_encoding_2,Linguistic encoding II,patient,0.900000,0.195417,0.383383,48,0.084743,0.306090
direct,linguistic_encoding_2,Linguistic encoding II,patient,0.950000,0.162857,0.354994,42,0.053304,0.272411
direct,linguistic_encoding_2,Linguistic encoding II,patient,1.000000,0.246006,0.423080,54,0.130858,0.361154
direct,linguistic_encoding_3,Linguistic encoding III,agent,0.000000,0.319912,0.431022,37,0.178192,0.461631
direct,linguistic_encoding_3,Linguistic encoding III,agent,0.050000,0.264865,0.419322,37,0.126993,0.402737
direct,linguistic_encoding_3,Linguistic encoding III,agent,0.100000,0.252973,0.432954,37,0.110619,0.395327
direct,linguistic_encoding_3,Linguistic encoding III,agent,0.150000,0.280541,0.448218,37,0.133167,0.427914
direct,linguistic_encoding_3,Linguistic encoding III,agent,0.200000,0.230811,0.417096,37,0.093671,0.367951
direct,linguistic_encoding_3,Linguistic encoding III,agent,0.250000,0.194595,0.375815,37,0.071028,0.318162
direct,linguistic_encoding_3,Linguistic encoding III,agent,0.300000,0.198378,0.392552,37,0.069308,0.327449
direct,linguistic_encoding_3,Linguistic encoding III,agent,0.350000,0.167027,0.372684,37,0.044489,0.289565
direct,linguistic_encoding_3,Linguistic encoding III,agent,0.400000,0.150270,0.348509,37,0.035681,0.264859
direct,linguistic_encoding_3,Linguistic encoding III,agent,0.450000,0.142703,0.345323,37,0.029161,0.256244
direct,linguistic_encoding_3,Linguistic encoding III,agent,0.500000,0.144324,0.311096,37,0.042037,0.246612
direct,linguistic_encoding_3,Linguistic encoding III,agent,0.550000,0.072973,0.236465,37,0.000000,0.150722
direct,linguistic_encoding_3,Linguistic encoding III,agent,0.600000,0.071351,0.248397,37,0.000000,0.153024
direct,linguistic_encoding_3,Linguistic encoding III,agent,0.650000,0.093514,0.265165,37,0.006328,0.180699
direct,linguistic_encoding_3,Linguistic encoding III,agent,0.700000,0.135135,0.346583,37,0.021179,0.249091
direct,linguistic_encoding_3,Linguistic encoding III,agent,0.750000,0.156216,0.361535,37,0.037344,0.275088
direct,linguistic_encoding_3,Linguistic encoding III,agent,0.800000,0.188649,0.395939,37,0.058465,0.318833
direct,linguistic_encoding_3,Linguistic encoding III,agent,0.850000,0.197297,0.396153,37,0.067043,0.327551
direct,linguistic_encoding_3,Linguistic encoding III,agent,0.900000,0.198378,0.395035,37,0.068492,0.328265
direct,linguistic_encoding_3,Linguistic encoding III,agent,0.950000,0.234595,0.408620,37,0.100241,0.368948
direct,linguistic_encoding_3,Linguistic encoding III,agent,1.000000,0.264324,0.426384,37,0.124130,0.404518
direct,linguistic_encoding_3,Linguistic encoding III,patient,0.000000,0.384446,0.453173,37,0.235443,0.533448
direct,linguistic_encoding_3,Linguistic encoding III,patient,0.050000,0.430811,0.488048,37,0.270342,0.591280
direct,linguistic_encoding_3,Linguistic encoding III,patient,0.100000,0.432432,0.502247,37,0.267295,0.597570
direct,linguistic_encoding_3,Linguistic encoding III,patient,0.150000,0.448108,0.497403,37,0.284563,0.611653
direct,linguistic_encoding_3,Linguistic encoding III,patient,0.200000,0.511892,0.493186,37,0.349733,0.674050
direct,linguistic_encoding_3,Linguistic encoding III,patient,0.250000,0.589189,0.468890,37,0.435019,0.743359
direct,linguistic_encoding_3,Linguistic encoding III,patient,0.300000,0.583243,0.491246,37,0.421723,0.744764
direct,linguistic_encoding_3,Linguistic encoding III,patient,0.350000,0.597838,0.485221,37,0.438298,0.757378
direct,linguistic_encoding_3,Linguistic encoding III,patient,0.400000,0.592973,0.466434,37,0.439611,0.746335
direct,linguistic_encoding_3,Linguistic encoding III,patient,0.450000,0.549730,0.486909,37,0.389635,0.709824
direct,linguistic_encoding_3,Linguistic encoding III,patient,0.500000,0.535135,0.491718,37,0.373459,0.696811
direct,linguistic_encoding_3,Linguistic encoding III,patient,0.550000,0.595135,0.470329,37,0.440492,0.749778
direct,linguistic_encoding_3,Linguistic encoding III,patient,0.600000,0.559459,0.487453,37,0.399186,0.719733
direct,linguistic_encoding_3,Linguistic encoding III,patient,0.650000,0.529189,0.493707,37,0.366859,0.691519
direct,linguistic_encoding_3,Linguistic encoding III,patient,0.700000,0.600541,0.480798,37,0.442455,0.758626
direct,linguistic_encoding_3,Linguistic encoding III,patient,0.750000,0.649730,0.461317,37,0.498049,0.801410
direct,linguistic_encoding_3,Linguistic encoding III,patient,0.800000,0.647027,0.482867,37,0.488261,0.805793
direct,linguistic_encoding_3,Linguistic encoding III,patient,0.850000,0.631351,0.476947,37,0.474532,0.788171
direct,linguistic_encoding_3,Linguistic encoding III,patient,0.900000,0.597297,0.466551,37,0.443896,0.750698
direct,linguistic_encoding_3,Linguistic encoding III,patient,0.950000,0.483243,0.492849,37,0.321195,0.645291
direct,linguistic_encoding_3,Linguistic encoding III,patient,1.000000,0.420541,0.492961,37,0.258456,0.582625
direct,post_onset_1000_2500,1000-2500 ms after speech onset,agent,0.000000,0.264324,0.426384,37,0.124130,0.404518
direct,post_onset_1000_2500,1000-2500 ms after speech onset,agent,0.033333,0.293514,0.458016,37,0.142919,0.444108
direct,post_onset_1000_2500,1000-2500 ms after speech onset,agent,0.066667,0.284865,0.449973,37,0.136915,0.432815
direct,post_onset_1000_2500,1000-2500 ms after speech onset,agent,0.100000,0.270270,0.446732,37,0.123386,0.417155
direct,post_onset_1000_2500,1000-2500 ms after speech onset,agent,0.133333,0.270270,0.450225,37,0.122237,0.418303
direct,post_onset_1000_2500,1000-2500 ms after speech onset,agent,0.166667,0.290270,0.454303,37,0.140896,0.439644
direct,post_onset_1000_2500,1000-2500 ms after speech onset,agent,0.200000,0.291351,0.455449,37,0.141600,0.441102
direct,post_onset_1000_2500,1000-2500 ms after speech onset,agent,0.233333,0.225405,0.404191,37,0.092508,0.358302
direct,post_onset_1000_2500,1000-2500 ms after speech onset,agent,0.266667,0.162162,0.373684,37,0.039296,0.285029
direct,post_onset_1000_2500,1000-2500 ms after speech onset,agent,0.300000,0.135135,0.346583,37,0.021179,0.249091
direct,post_onset_1000_2500,1000-2500 ms after speech onset,agent,0.333333,0.157838,0.350865,37,0.042474,0.273202
direct,post_onset_1000_2500,1000-2500 ms after speech onset,agent,0.366667,0.171351,0.373766,37,0.048458,0.294245
direct,post_onset_1000_2500,1000-2500 ms after speech onset,agent,0.400000,0.146486,0.345384,37,0.032925,0.260048
direct,post_onset_1000_2500,1000-2500 ms after speech onset,agent,0.433333,0.154054,0.353235,37,0.037911,0.270197
direct,post_onset_1000_2500,1000-2500 ms after speech onset,agent,0.466667,0.225405,0.393267,37,0.096100,0.354711
direct,post_onset_1000_2500,1000-2500 ms after speech onset,agent,0.500000,0.278378,0.442075,37,0.133025,0.423732
direct,post_onset_1000_2500,1000-2500 ms after speech onset,agent,0.533333,0.297297,0.463373,37,0.144941,0.449653
direct,post_onset_1000_2500,1000-2500 ms after speech onset,agent,0.566667,0.328108,0.453639,37,0.178953,0.477264
direct,post_onset_1000_2500,1000-2500 ms after speech onset,agent,0.600000,0.351351,0.483978,37,0.192221,0.510482
direct,post_onset_1000_2500,1000-2500 ms after speech onset,agent,0.633333,0.385946,0.485566,37,0.226293,0.545599
direct,post_onset_1000_2500,1000-2500 ms after speech onset,agent,0.666667,0.409730,0.485721,37,0.250026,0.569434
direct,post_onset_1000_2500,1000-2500 ms after speech onset,agent,0.700000,0.345946,0.456383,37,0.195888,0.496004
direct,post_onset_1000_2500,1000-2500 ms after speech onset,agent,0.733333,0.324324,0.442346,37,0.178882,0.469767
direct,post_onset_1000_2500,1000-2500 ms after speech onset,agent,0.766667,0.355135,0.471626,37,0.200065,0.510205
direct,post_onset_1000_2500,1000-2500 ms after speech onset,agent,0.800000,0.365946,0.466711,37,0.212492,0.519400
direct,post_onset_1000_2500,1000-2500 ms after speech onset,agent,0.833333,0.355676,0.467788,37,0.201868,0.509483
direct,post_onset_1000_2500,1000-2500 ms after speech onset,agent,0.866667,0.297297,0.442698,37,0.151739,0.442855
direct,post_onset_1000_2500,1000-2500 ms after speech onset,agent,0.900000,0.256216,0.432225,37,0.114101,0.398331
direct,post_onset_1000_2500,1000-2500 ms after speech onset,agent,0.933333,0.247568,0.433265,37,0.105111,0.390024
direct,post_onset_1000_2500,1000-2500 ms after speech onset,agent,0.966667,0.276757,0.440518,37,0.131915,0.421598
direct,post_onset_1000_2500,1000-2500 ms after speech onset,agent,1.000000,0.264324,0.418732,37,0.126646,0.402002
direct,post_onset_1000_2500,1000-2500 ms after speech onset,patient,0.000000,0.420541,0.492961,37,0.258456,0.582625
direct,post_onset_1000_2500,1000-2500 ms after speech onset,patient,0.033333,0.403784,0.473165,37,0.248208,0.559360
direct,post_onset_1000_2500,1000-2500 ms after speech onset,patient,0.066667,0.449730,0.480477,37,0.291750,0.607710
direct,post_onset_1000_2500,1000-2500 ms after speech onset,patient,0.100000,0.448649,0.484872,37,0.289224,0.608074
direct,post_onset_1000_2500,1000-2500 ms after speech onset,patient,0.133333,0.434054,0.489191,37,0.273209,0.594899
direct,post_onset_1000_2500,1000-2500 ms after speech onset,patient,0.166667,0.439459,0.486152,37,0.279614,0.599305
direct,post_onset_1000_2500,1000-2500 ms after speech onset,patient,0.200000,0.471892,0.479987,37,0.314073,0.629711
direct,post_onset_1000_2500,1000-2500 ms after speech onset,patient,0.233333,0.572432,0.479614,37,0.414736,0.730129
direct,post_onset_1000_2500,1000-2500 ms after speech onset,patient,0.266667,0.624865,0.467057,37,0.471297,0.778432
direct,post_onset_1000_2500,1000-2500 ms after speech onset,patient,0.300000,0.678378,0.458267,37,0.527701,0.829056
direct,post_onset_1000_2500,1000-2500 ms after speech onset,patient,0.333333,0.641622,0.465937,37,0.488422,0.794821
direct,post_onset_1000_2500,1000-2500 ms after speech onset,patient,0.366667,0.631351,0.482506,37,0.472704,0.789998
direct,post_onset_1000_2500,1000-2500 ms after speech onset,patient,0.400000,0.664324,0.469495,37,0.509955,0.818693
direct,post_onset_1000_2500,1000-2500 ms after speech onset,patient,0.433333,0.669189,0.471654,37,0.514110,0.824268
direct,post_onset_1000_2500,1000-2500 ms after speech onset,patient,0.466667,0.641622,0.472002,37,0.486428,0.796815
direct,post_onset_1000_2500,1000-2500 ms after speech onset,patient,0.500000,0.610811,0.486041,37,0.451002,0.770620
direct,post_onset_1000_2500,1000-2500 ms after speech onset,patient,0.533333,0.548649,0.498677,37,0.384685,0.712613
direct,post_onset_1000_2500,1000-2500 ms after speech onset,patient,0.566667,0.485946,0.489055,37,0.325146,0.646746
direct,post_onset_1000_2500,1000-2500 ms after speech onset,patient,0.600000,0.480000,0.500688,37,0.315375,0.644625
direct,post_onset_1000_2500,1000-2500 ms after speech onset,patient,0.633333,0.432432,0.502247,37,0.267295,0.597570
direct,post_onset_1000_2500,1000-2500 ms after speech onset,patient,0.666667,0.468108,0.492261,37,0.306254,0.629963
direct,post_onset_1000_2500,1000-2500 ms after speech onset,patient,0.700000,0.462162,0.492111,37,0.300357,0.623967
direct,post_onset_1000_2500,1000-2500 ms after speech onset,patient,0.733333,0.454595,0.491452,37,0.293006,0.616183
direct,post_onset_1000_2500,1000-2500 ms after speech onset,patient,0.766667,0.426486,0.494145,37,0.264013,0.588960
direct,post_onset_1000_2500,1000-2500 ms after speech onset,patient,0.800000,0.412973,0.480630,37,0.254943,0.571003
direct,post_onset_1000_2500,1000-2500 ms after speech onset,patient,0.833333,0.442162,0.486776,37,0.282111,0.602213
direct,post_onset_1000_2500,1000-2500 ms after speech onset,patient,0.866667,0.438919,0.485454,37,0.279303,0.598535
direct,post_onset_1000_2500,1000-2500 ms after speech onset,patient,0.900000,0.431892,0.501630,37,0.266957,0.596827
direct,post_onset_1000_2500,1000-2500 ms after speech onset,patient,0.933333,0.421081,0.493737,37,0.258741,0.583421
direct,post_onset_1000_2500,1000-2500 ms after speech onset,patient,0.966667,0.390811,0.474566,37,0.234774,0.546847
direct,post_onset_1000_2500,1000-2500 ms after speech onset,patient,1.000000,0.358919,0.462816,37,0.206746,0.511092
direct,speech_planning,Early event apprehension,agent,0.000000,0.130811,0.322304,37,0.024838,0.236784
direct,speech_planning,Early event apprehension,agent,0.100000,0.272432,0.360103,37,0.154031,0.390834
direct,speech_planning,Early event apprehension,agent,0.200000,0.492973,0.470442,37,0.338293,0.647653
direct,speech_planning,Early event apprehension,agent,0.300000,0.577838,0.492382,37,0.415944,0.739732
direct,speech_planning,Early event apprehension,agent,0.400000,0.621622,0.491672,37,0.459961,0.783283
direct,speech_planning,Early event apprehension,agent,0.500000,0.604865,0.481742,37,0.446469,0.763261
direct,speech_planning,Early event apprehension,agent,0.600000,0.564324,0.485298,37,0.404759,0.723889
direct,speech_planning,Early event apprehension,agent,0.700000,0.551351,0.490794,37,0.389979,0.712723
direct,speech_planning,Early event apprehension,agent,0.800000,0.531892,0.499855,37,0.367541,0.696243
direct,speech_planning,Early event apprehension,agent,0.900000,0.527027,0.499249,37,0.362875,0.691179
direct,speech_planning,Early event apprehension,agent,1.000000,0.540000,0.488763,37,0.379296,0.700704
direct,speech_planning,Early event apprehension,patient,0.000000,0.187568,0.393767,37,0.058098,0.317037
direct,speech_planning,Early event apprehension,patient,0.100000,0.159459,0.310537,37,0.057356,0.261563
direct,speech_planning,Early event apprehension,patient,0.200000,0.190811,0.373351,37,0.068054,0.313568
direct,speech_planning,Early event apprehension,patient,0.300000,0.270270,0.421469,37,0.131692,0.408848
direct,speech_planning,Early event apprehension,patient,0.400000,0.307027,0.460729,37,0.155540,0.458514
direct,speech_planning,Early event apprehension,patient,0.500000,0.326486,0.470981,37,0.171629,0.481344
direct,speech_planning,Early event apprehension,patient,0.600000,0.361622,0.467508,37,0.207906,0.515337
direct,speech_planning,Early event apprehension,patient,0.700000,0.387568,0.480818,37,0.229476,0.545659
direct,speech_planning,Early event apprehension,patient,0.800000,0.405405,0.497743,37,0.241749,0.569062
direct,speech_planning,Early event apprehension,patient,0.900000,0.388649,0.487500,37,0.228360,0.548938
direct,speech_planning,Early event apprehension,patient,1.000000,0.350811,0.473817,37,0.195021,0.506601
inverse,linguistic_encoding_1,Linguistic encoding I,agent,0.000000,0.693174,0.465840,29,0.520165,0.866183
inverse,linguistic_encoding_1,Linguistic encoding I,agent,0.050000,0.797000,0.398115,20,0.618957,0.975043
inverse,linguistic_encoding_1,Linguistic encoding I,agent,0.100000,0.709714,0.443207,35,0.559883,0.859546
inverse,linguistic_encoding_1,Linguistic encoding I,agent,0.150000,0.709677,0.397790,31,0.566787,0.852568
inverse,linguistic_encoding_1,Linguistic encoding I,agent,0.200000,0.675676,0.458552,37,0.524905,0.826447
inverse,linguistic_encoding_1,Linguistic encoding I,agent,0.250000,0.748125,0.417577,32,0.600489,0.895761
inverse,linguistic_encoding_1,Linguistic encoding I,agent,0.300000,0.656364,0.467746,33,0.493515,0.819212
inverse,linguistic_encoding_1,Linguistic encoding I,agent,0.350000,0.777576,0.412970,33,0.633798,0.921353
inverse,linguistic_encoding_1,Linguistic encoding I,agent,0.400000,0.756585,0.397641,41,0.632383,0.880787
inverse,linguistic_encoding_1,Linguistic encoding I,agent,0.450000,0.796774,0.400403,31,0.652945,0.940603
inverse,linguistic_encoding_1,Linguistic encoding I,agent,0.500000,0.722353,0.428663,34,0.575323,0.869383
inverse,linguistic_encoding_1,Linguistic encoding I,agent,0.550000,0.836000,0.348739,35,0.718105,0.953895
inverse,linguistic_encoding_1,Linguistic encoding I,agent,0.600000,0.798788,0.387006,33,0.664050,0.933526
inverse,linguistic_encoding_1,Linguistic encoding I,agent,0.650000,0.664848,0.477520,33,0.498597,0.831100
inverse,linguistic_encoding_1,Linguistic encoding I,agent,0.700000,0.639412,0.472991,34,0.477177,0.801646
inverse,linguistic_encoding_1,Linguistic encoding I,agent,0.750000,0.592353,0.477773,34,0.428478,0.756228
inverse,linguistic_encoding_1,Linguistic encoding I,agent,0.800000,0.571795,0.489634,39,0.414987,0.728603
inverse,linguistic_encoding_1,Linguistic encoding I,agent,0.850000,0.612903,0.495138,31,0.435045,0.790762
inverse,linguistic_encoding_1,Linguistic encoding I,agent,0.900000,0.598182,0.483693,33,0.429781,0.766582
inverse,linguistic_encoding_1,Linguistic encoding I,agent,0.950000,0.605639,0.483737,34,0.439719,0.771559
inverse,linguistic_encoding_1,Linguistic encoding I,agent,1.000000,0.673868,0.468076,35,0.515629,0.832106
inverse,linguistic_encoding_1,Linguistic encoding I,patient,0.000000,0.200563,0.400885,29,0.051678,0.349448
inverse,linguistic_encoding_1,Linguistic encoding I,patient,0.050000,0.094000,0.289980,20,0.000000,0.223683
inverse,linguistic_encoding_1,Linguistic encoding I,patient,0.100000,0.126857,0.321429,35,0.018194,0.235520
inverse,linguistic_encoding_1,Linguistic encoding I,patient,0.150000,0.065161,0.249585,31,0.000000,0.154815
inverse,linguistic_encoding_1,Linguistic encoding I,patient,0.200000,0.189189,0.379198,37,0.064510,0.313869
inverse,linguistic_encoding_1,Linguistic encoding I,patient,0.250000,0.106875,0.296108,32,0.002185,0.211565
inverse,linguistic_encoding_1,Linguistic encoding I,patient,0.300000,0.169091,0.367801,33,0.041039,0.297143
inverse,linguistic_encoding_1,Linguistic encoding I,patient,0.350000,0.074545,0.251757,33,0.000000,0.162196
inverse,linguistic_encoding_1,Linguistic encoding I,patient,0.400000,0.103415,0.267167,41,0.019966,0.186863
inverse,linguistic_encoding_1,Linguistic encoding I,patient,0.450000,0.083226,0.265937,31,0.000000,0.178753
inverse,linguistic_encoding_1,Linguistic encoding I,patient,0.500000,0.181176,0.376264,34,0.052119,0.310234
inverse,linguistic_encoding_1,Linguistic encoding I,patient,0.550000,0.137143,0.335126,35,0.023850,0.250436
inverse,linguistic_encoding_1,Linguistic encoding I,patient,0.600000,0.172727,0.367077,33,0.044927,0.300527
inverse,linguistic_encoding_1,Linguistic encoding I,patient,0.650000,0.211515,0.413976,33,0.067387,0.355643
inverse,linguistic_encoding_1,Linguistic encoding I,patient,0.700000,0.184706,0.363153,34,0.060145,0.309266
inverse,linguistic_encoding_1,Linguistic encoding I,patient,0.750000,0.342941,0.439756,34,0.192106,0.493776
inverse,linguistic_encoding_1,Linguistic encoding I,patient,0.800000,0.386154,0.491724,39,0.228676,0.543632
inverse,linguistic_encoding_1,Linguistic encoding I,patient,0.850000,0.384516,0.491954,31,0.207801,0.561231
inverse,linguistic_encoding_1,Linguistic encoding I,patient,0.900000,0.384848,0.486031,33,0.215634,0.554063
inverse,linguistic_encoding_1,Linguistic encoding I,patient,0.950000,0.302231,0.459592,34,0.144593,0.459870
inverse,linguistic_encoding_1,Linguistic encoding I,patient,1.000000,0.239096,0.423651,35,0.095876,0.382316
inverse,linguistic_encoding_2,Linguistic encoding II,agent,0.000000,0.667586,0.443248,29,0.502968,0.832204
inverse,linguistic_encoding_2,Linguistic encoding II,agent,0.050000,0.564000,0.498233,20,0.341184,0.786816
inverse,linguistic_encoding_2,Linguistic encoding II,agent,0.100000,0.517143,0.487494,35,0.352340,0.681946
inverse,linguistic_encoding_2,Linguistic encoding II,agent,0.150000,0.568387,0.479160,31,0.396268,0.740506
inverse,linguistic_encoding_2,Linguistic encoding II,agent,0.200000,0.484865,0.476058,37,0.328338,0.641392
inverse,linguistic_encoding_2,Linguistic encoding II,agent,0.250000,0.472500,0.484861,32,0.301076,0.643924
inverse,linguistic_encoding_2,Linguistic encoding II,agent,0.300000,0.598788,0.461842,33,0.437995,0.759581
inverse,linguistic_encoding_2,Linguistic encoding II,agent,0.350000,0.696970,0.466694,33,0.534488,0.859452
inverse,linguistic_encoding_2,Linguistic encoding II,agent,0.400000,0.700488,0.456103,41,0.558025,0.842950
inverse,linguistic_encoding_2,Linguistic encoding II,agent,0.450000,0.654839,0.449384,31,0.493415,0.816262
inverse,linguistic_encoding_2,Linguistic encoding II,agent,0.500000,0.746471,0.426706,34,0.600112,0.892830
inverse,linguistic_encoding_2,Linguistic encoding II,agent,0.550000,0.825143,0.376246,35,0.697949,0.952337
inverse,linguistic_encoding_2,Linguistic encoding II,agent,0.600000,0.869697,0.332119,33,0.754068,0.985326
inverse,linguistic_encoding_2,Linguistic encoding II,agent,0.650000,0.909091,0.291937,33,0.807451,1.000000
inverse,linguistic_encoding_2,Linguistic encoding II,agent,0.700000,0.885294,0.319215,34,0.775804,0.994784
inverse,linguistic_encoding_2,Linguistic encoding II,agent,0.750000,0.843529,0.359713,34,0.720149,0.966910
inverse,linguistic_encoding_2,Linguistic encoding II,agent,0.800000,0.817949,0.380437,39,0.696111,0.939786
inverse,linguistic_encoding_2,Linguistic encoding II,agent,0.850000,0.823871,0.356442,31,0.695833,0.951909
inverse,linguistic_encoding_2,Linguistic encoding II,agent,0.900000,0.839394,0.362784,33,0.713089,0.965699
inverse,linguistic_encoding_2,Linguistic encoding II,agent,0.950000,0.840588,0.357855,34,0.717845,0.963332
inverse,linguistic_encoding_2,Linguistic encoding II,agent,1.000000,0.699881,0.442032,35,0.550447,0.849315
inverse,linguistic_encoding_2,Linguistic encoding II,patient,0.000000,0.241379,0.435494,29,0.079641,0.403118
inverse,linguistic_encoding_2,Linguistic encoding II,patient,0.050000,0.382000,0.485447,20,0.164901,0.599099
inverse,linguistic_encoding_2,Linguistic encoding II,patient,0.100000,0.349143,0.473519,35,0.189064,0.509221
inverse,linguistic_encoding_2,Linguistic encoding II,patient,0.150000,0.339355,0.472595,31,0.169594,0.509116
inverse,linguistic_encoding_2,Linguistic encoding II,patient,0.200000,0.353514,0.460508,37,0.202099,0.504928
inverse,linguistic_encoding_2,Linguistic encoding II,patient,0.250000,0.384375,0.477378,32,0.215596,0.553154
inverse,linguistic_encoding_2,Linguistic encoding II,patient,0.300000,0.307879,0.448914,33,0.151587,0.464170
inverse,linguistic_encoding_2,Linguistic encoding II,patient,0.350000,0.297576,0.459286,33,0.137673,0.457479
inverse,linguistic_encoding_2,Linguistic encoding II,patient,0.400000,0.195610,0.381458,41,0.076462,0.314757
inverse,linguistic_encoding_2,Linguistic encoding II,patient,0.450000,0.234839,0.409421,31,0.087770,0.381907
inverse,linguistic_encoding_2,Linguistic encoding II,patient,0.500000,0.150000,0.358659,34,0.026981,0.273019
inverse,linguistic_encoding_2,Linguistic encoding II,patient,0.550000,0.138857,0.345762,35,0.021968,0.255746
inverse,linguistic_encoding_2,Linguistic encoding II,patient,0.600000,0.096970,0.292067,33,0.000000,0.198654
inverse,linguistic_encoding_2,Linguistic encoding II,patient,0.650000,0.060606,0.242306,33,0.000000,0.144966
inverse,linguistic_encoding_2,Linguistic encoding II,patient,0.700000,0.088235,0.287902,34,0.000000,0.186985
inverse,linguistic_encoding_2,Linguistic encoding II,patient,0.750000,0.058824,0.238833,34,0.000000,0.140742
inverse,linguistic_encoding_2,Linguistic encoding II,patient,0.800000,0.100000,0.291674,39,0.006590,0.193410
inverse,linguistic_encoding_2,Linguistic encoding II,patient,0.850000,0.098710,0.280805,31,0.000000,0.199578
inverse,linguistic_encoding_2,Linguistic encoding II,patient,0.900000,0.065455,0.238499,33,0.000000,0.148489
inverse,linguistic_encoding_2,Linguistic encoding II,patient,0.950000,0.090588,0.287486,34,0.000000,0.189195
inverse,linguistic_encoding_2,Linguistic encoding II,patient,1.000000,0.147619,0.354180,35,0.027884,0.267354
inverse,linguistic_encoding_3,Linguistic encoding III,agent,0.000000,0.605208,0.483108,29,0.425786,0.784629
inverse,linguistic_encoding_3,Linguistic encoding III,agent,0.050000,0.555862,0.489004,29,0.374250,0.737474
inverse,linguistic_encoding_3,Linguistic encoding III,agent,0.100000,0.460690,0.479538,29,0.282594,0.638786
inverse,linguistic_encoding_3,Linguistic encoding III,agent,0.150000,0.501379,0.500055,29,0.315663,0.687095
inverse,linguistic_encoding_3,Linguistic encoding III,agent,0.200000,0.531034,0.487870,29,0.349844,0.712225
inverse,linguistic_encoding_3,Linguistic encoding III,agent,0.250000,0.558621,0.489867,29,0.376689,0.740553
inverse,linguistic_encoding_3,Linguistic encoding III,agent,0.300000,0.562759,0.493869,29,0.379340,0.746177
inverse,linguistic_encoding_3,Linguistic encoding III,agent,0.350000,0.497931,0.498980,29,0.312614,0.683248
inverse,linguistic_encoding_3,Linguistic encoding III,agent,0.400000,0.537241,0.492304,29,0.354404,0.720079
inverse,linguistic_encoding_3,Linguistic encoding III,agent,0.450000,0.543448,0.491501,29,0.360909,0.725987
inverse,linguistic_encoding_3,Linguistic encoding III,agent,0.500000,0.460000,0.480892,29,0.281401,0.638599
inverse,linguistic_encoding_3,Linguistic encoding III,agent,0.550000,0.356552,0.468099,29,0.182704,0.530399
inverse,linguistic_encoding_3,Linguistic encoding III,agent,0.600000,0.348966,0.481177,29,0.170261,0.527670
inverse,linguistic_encoding_3,Linguistic encoding III,agent,0.650000,0.333103,0.470267,29,0.158451,0.507756
inverse,linguistic_encoding_3,Linguistic encoding III,agent,0.700000,0.333103,0.471238,29,0.158090,0.508117
inverse,linguistic_encoding_3,Linguistic encoding III,agent,0.750000,0.364138,0.479833,29,0.185933,0.542343
inverse,linguistic_encoding_3,Linguistic encoding III,agent,0.800000,0.379310,0.493804,29,0.195916,0.562705
inverse,linguistic_encoding_3,Linguistic encoding III,agent,0.850000,0.399310,0.489620,29,0.217470,0.581151
inverse,linguistic_encoding_3,Linguistic encoding III,agent,0.900000,0.400000,0.489898,29,0.218056,0.581944
inverse,linguistic_encoding_3,Linguistic encoding III,agent,0.950000,0.379310,0.493804,29,0.195916,0.562705
inverse,linguistic_encoding_3,Linguistic encoding III,agent,1.000000,0.379310,0.493804,29,0.195916,0.562705
inverse,linguistic_encoding_3,Linguistic encoding III,patient,0.000000,0.124560,0.323204,29,0.004525,0.244595
inverse,linguistic_encoding_3,Linguistic encoding III,patient,0.050000,0.145517,0.350220,29,0.015449,0.275586
inverse,linguistic_encoding_3,Linguistic encoding III,patient,0.100000,0.199310,0.398944,29,0.051146,0.347475
inverse,linguistic_encoding_3,Linguistic encoding III,patient,0.150000,0.231724,0.420935,29,0.075393,0.388055
inverse,linguistic_encoding_3,Linguistic encoding III,patient,0.200000,0.246897,0.432840,29,0.086144,0.407649
inverse,linguistic_encoding_3,Linguistic encoding III,patient,0.250000,0.334483,0.472286,29,0.159080,0.509885
inverse,linguistic_encoding_3,Linguistic encoding III,patient,0.300000,0.361379,0.478269,29,0.183755,0.539004
inverse,linguistic_encoding_3,Linguistic encoding III,patient,0.350000,0.364138,0.480636,29,0.185634,0.542642
inverse,linguistic_encoding_3,Linguistic encoding III,patient,0.400000,0.357241,0.479158,29,0.179287,0.535196
inverse,linguistic_encoding_3,Linguistic encoding III,patient,0.450000,0.354483,0.470711,29,0.179665,0.529300
inverse,linguistic_encoding_3,Linguistic encoding III,patient,0.500000,0.377241,0.463826,29,0.204981,0.549502
inverse,linguistic_encoding_3,Linguistic encoding III,patient,0.550000,0.450345,0.499446,29,0.264855,0.635834
inverse,linguistic_encoding_3,Linguistic encoding III,patient,0.600000,0.482069,0.485750,29,0.301666,0.662472
inverse,linguistic_encoding_3,Linguistic encoding III,patient,0.650000,0.515172,0.491925,29,0.332476,0.697869
inverse,linguistic_encoding_3,Linguistic encoding III,patient,0.700000,0.545517,0.501509,29,0.359261,0.731773
inverse,linguistic_encoding_3,Linguistic encoding III,patient,0.750000,0.520690,0.492819,29,0.337661,0.703718
inverse,linguistic_encoding_3,Linguistic encoding III,patient,0.800000,0.469655,0.499560,29,0.284123,0.655187
inverse,linguistic_encoding_3,Linguistic encoding III,patient,0.850000,0.448276,0.506120,29,0.260308,0.636244
inverse,linguistic_encoding_3,Linguistic encoding III,patient,0.900000,0.458621,0.499655,29,0.273053,0.644188
inverse,linguistic_encoding_3,Linguistic encoding III,patient,0.950000,0.493793,0.501116,29,0.307683,0.679903
inverse,linguistic_encoding_3,Linguistic encoding III,patient,1.000000,0.472414,0.492411,29,0.289537,0.655291
inverse,post_onset_1000_2500,1000-2500 ms after speech onset,agent,0.000000,0.379310,0.493804,29,0.195916,0.562705
inverse,post_onset_1000_2500,1000-2500 ms after speech onset,agent,0.033333,0.346897,0.482324,29,0.167766,0.526027
inverse,post_onset_1000_2500,1000-2500 ms after speech onset,agent,0.066667,0.372414,0.486163,29,0.191857,0.552970
inverse,post_onset_1000_2500,1000-2500 ms after speech onset,agent,0.100000,0.368966,0.483369,29,0.189447,0.548484
inverse,post_onset_1000_2500,1000-2500 ms after speech onset,agent,0.133333,0.350345,0.470854,29,0.175474,0.525216
inverse,post_onset_1000_2500,1000-2500 ms after speech onset,agent,0.166667,0.378621,0.486502,29,0.197939,0.559303
inverse,post_onset_1000_2500,1000-2500 ms after speech onset,agent,0.200000,0.311724,0.469940,29,0.137193,0.486255
inverse,post_onset_1000_2500,1000-2500 ms after speech onset,agent,0.233333,0.315172,0.468055,29,0.141341,0.489004
inverse,post_onset_1000_2500,1000-2500 ms after speech onset,agent,0.266667,0.412414,0.475617,29,0.235774,0.589054
inverse,post_onset_1000_2500,1000-2500 ms after speech onset,agent,0.300000,0.421379,0.473556,29,0.245505,0.597254
inverse,post_onset_1000_2500,1000-2500 ms after speech onset,agent,0.333333,0.396552,0.469592,29,0.222150,0.570954
inverse,post_onset_1000_2500,1000-2500 ms after speech onset,agent,0.366667,0.400000,0.488262,29,0.218664,0.581336
inverse,post_onset_1000_2500,1000-2500 ms after speech onset,agent,0.400000,0.451724,0.493255,29,0.268534,0.634914
inverse,post_onset_1000_2500,1000-2500 ms after speech onset,agent,0.433333,0.493103,0.493798,29,0.309711,0.676495
inverse,post_onset_1000_2500,1000-2500 ms after speech onset,agent,0.466667,0.497241,0.500221,29,0.311464,0.683019
inverse,post_onset_1000_2500,1000-2500 ms after speech onset,agent,0.500000,0.449655,0.499903,29,0.263996,0.635315
inverse,post_onset_1000_2500,1000-2500 ms after speech onset,agent,0.533333,0.353103,0.461280,29,0.181788,0.524419
inverse,post_onset_1000_2500,1000-2500 ms after speech onset,agent,0.566667,0.331034,0.461197,29,0.159750,0.502319
inverse,post_onset_1000_2500,1000-2500 ms after speech onset,agent,0.600000,0.361379,0.471197,29,0.186381,0.536377
inverse,post_onset_1000_2500,1000-2500 ms after speech onset,agent,0.633333,0.371724,0.482361,29,0.192580,0.550868
inverse,post_onset_1000_2500,1000-2500 ms after speech onset,agent,0.666667,0.344828,0.483725,29,0.165177,0.524479
inverse,post_onset_1000_2500,1000-2500 ms after speech onset,agent,0.700000,0.351034,0.463175,29,0.179016,0.523053
inverse,post_onset_1000_2500,1000-2500 ms after speech onset,agent,0.733333,0.404828,0.486552,29,0.224127,0.585529
inverse,post_onset_1000_2500,1000-2500 ms after speech onset,agent,0.766667,0.533793,0.496304,29,0.349471,0.718116
inverse,post_onset_1000_2500,1000-2500 ms after speech onset,agent,0.800000,0.559310,0.499156,29,0.373928,0.744692
inverse,post_onset_1000_2500,1000-2500 ms after speech onset,agent,0.833333,0.620690,0.493804,29,0.437295,0.804084
inverse,post_onset_1000_2500,1000-2500 ms after speech onset,agent,0.866667,0.595862,0.491132,29,0.413460,0.778264
inverse,post_onset_1000_2500,1000-2500 ms after speech onset,agent,0.900000,0.557931,0.500181,29,0.372168,0.743694
inverse,post_onset_1000_2500,1000-2500 ms after speech onset,agent,0.933333,0.574483,0.492541,29,0.391557,0.757408
inverse,post_onset_1000_2500,1000-2500 ms after speech onset,agent,0.966667,0.511724,0.500643,29,0.325790,0.697658
inverse,post_onset_1000_2500,1000-2500 ms after speech onset,agent,1.000000,0.527586,0.492701,29,0.344601,0.710571
inverse,post_onset_1000_2500,1000-2500 ms after speech onset,patient,0.000000,0.472414,0.492411,29,0.289537,0.655291
inverse,post_onset_1000_2500,1000-2500 ms after speech onset,patient,0.033333,0.449655,0.484492,29,0.269720,0.629591
inverse,post_onset_1000_2500,1000-2500 ms after speech onset,patient,0.066667,0.426897,0.486923,29,0.246058,0.607735
inverse,post_onset_1000_2500,1000-2500 ms after speech onset,patient,0.100000,0.492414,0.498381,29,0.307320,0.677508
inverse,post_onset_1000_2500,1000-2500 ms after speech onset,patient,0.133333,0.511034,0.495972,29,0.326835,0.695234
inverse,post_onset_1000_2500,1000-2500 ms after speech onset,patient,0.166667,0.500690,0.495277,29,0.316748,0.684631
inverse,post_onset_1000_2500,1000-2500 ms after speech onset,patient,0.200000,0.537241,0.498791,29,0.351995,0.722488
inverse,post_onset_1000_2500,1000-2500 ms after speech onset,patient,0.233333,0.538621,0.496443,29,0.354247,0.722995
inverse,post_onset_1000_2500,1000-2500 ms after speech onset,patient,0.266667,0.471724,0.492530,29,0.288803,0.654645
inverse,post_onset_1000_2500,1000-2500 ms after speech onset,patient,0.300000,0.427586,0.489093,29,0.245942,0.609231
inverse,post_onset_1000_2500,1000-2500 ms after speech onset,patient,0.333333,0.430345,0.490178,29,0.248297,0.612393
inverse,post_onset_1000_2500,1000-2500 ms after speech onset,patient,0.366667,0.437241,0.484583,29,0.257272,0.617211
inverse,post_onset_1000_2500,1000-2500 ms after speech onset,patient,0.400000,0.417241,0.498619,29,0.232059,0.602424
inverse,post_onset_1000_2500,1000-2500 ms after speech onset,patient,0.433333,0.445517,0.498423,29,0.260408,0.630627
inverse,post_onset_1000_2500,1000-2500 ms after speech onset,patient,0.466667,0.464138,0.498723,29,0.278917,0.649359
inverse,post_onset_1000_2500,1000-2500 ms after speech onset,patient,0.500000,0.448276,0.506120,29,0.260308,0.636244
inverse,post_onset_1000_2500,1000-2500 ms after speech onset,patient,0.533333,0.471724,0.500329,29,0.285907,0.657542
inverse,post_onset_1000_2500,1000-2500 ms after speech onset,patient,0.566667,0.482759,0.508548,29,0.293889,0.671628
inverse,post_onset_1000_2500,1000-2500 ms after speech onset,patient,0.600000,0.498621,0.495694,29,0.314525,0.682717
inverse,post_onset_1000_2500,1000-2500 ms after speech onset,patient,0.633333,0.472414,0.499097,29,0.287054,0.657774
inverse,post_onset_1000_2500,1000-2500 ms after speech onset,patient,0.666667,0.450345,0.503037,29,0.263522,0.637168
inverse,post_onset_1000_2500,1000-2500 ms after speech onset,patient,0.700000,0.438621,0.496673,29,0.254161,0.623080
inverse,post_onset_1000_2500,1000-2500 ms after speech onset,patient,0.733333,0.390345,0.488573,29,0.208893,0.571796
inverse,post_onset_1000_2500,1000-2500 ms after speech onset,patient,0.766667,0.385517,0.482224,29,0.206424,0.564611
inverse,post_onset_1000_2500,1000-2500 ms after speech onset,patient,0.800000,0.372414,0.485428,29,0.192130,0.552697
inverse,post_onset_1000_2500,1000-2500 ms after speech onset,patient,0.833333,0.331034,0.469881,29,0.156525,0.505544
inverse,post_onset_1000_2500,1000-2500 ms after speech onset,patient,0.866667,0.335862,0.469449,29,0.161513,0.510211
inverse,post_onset_1000_2500,1000-2500 ms after speech onset,patient,0.900000,0.373103,0.479770,29,0.194921,0.551286
inverse,post_onset_1000_2500,1000-2500 ms after speech onset,patient,0.933333,0.355862,0.479207,29,0.177889,0.533835
inverse,post_onset_1000_2500,1000-2500 ms after speech onset,patient,0.966667,0.366897,0.476333,29,0.189991,0.543802
inverse,post_onset_1000_2500,1000-2500 ms after speech onset,patient,1.000000,0.326897,0.464028,29,0.154561,0.499232
inverse,speech_planning,Early event apprehension,agent,0.000000,0.124828,0.319895,29,0.006021,0.243634
inverse,speech_planning,Early event apprehension,agent,0.100000,0.146207,0.325888,29,0.025175,0.267239
inverse,speech_planning,Early event apprehension,agent,0.200000,0.373793,0.440198,29,0.210308,0.537279
inverse,speech_planning,Early event apprehension,agent,0.300000,0.530345,0.493287,29,0.347143,0.713547
inverse,speech_planning,Early event apprehension,agent,0.400000,0.566207,0.495670,29,0.382120,0.750294
inverse,speech_planning,Early event apprehension,agent,0.500000,0.586207,0.483088,29,0.406792,0.765621
inverse,speech_planning,Early event apprehension,agent,0.600000,0.640000,0.468554,29,0.465983,0.814017
inverse,speech_planning,Early event apprehension,agent,0.700000,0.645517,0.459406,29,0.474898,0.816136
inverse,speech_planning,Early event apprehension,agent,0.800000,0.620690,0.493804,29,0.437295,0.804084
inverse,speech_planning,Early event apprehension,agent,0.900000,0.662759,0.466529,29,0.489494,0.836023
inverse,speech_planning,Early event apprehension,agent,1.000000,0.693103,0.465933,29,0.520060,0.866147
inverse,speech_planning,Early event apprehension,patient,0.000000,0.209655,0.411083,29,0.056983,0.362328
inverse,speech_planning,Early event apprehension,patient,0.100000,0.275862,0.409961,29,0.123606,0.428118
inverse,speech_planning,Early event apprehension,patient,0.200000,0.353103,0.449644,29,0.186110,0.520097
inverse,speech_planning,Early event apprehension,patient,0.300000,0.413793,0.501230,29,0.227641,0.599945
inverse,speech_planning,Early event apprehension,patient,0.400000,0.413793,0.501230,29,0.227641,0.599945
inverse,speech_planning,Early event apprehension,patient,0.500000,0.408276,0.482509,29,0.229077,0.587475
inverse,speech_planning,Early event apprehension,patient,0.600000,0.335862,0.449583,29,0.168891,0.502833
inverse,speech_planning,Early event apprehension,patient,0.700000,0.268276,0.444057,29,0.103357,0.433194
inverse,speech_planning,Early event apprehension,patient,0.800000,0.241379,0.435494,29,0.079641,0.403118
inverse,speech_planning,Early event apprehension,patient,0.900000,0.207586,0.411909,29,0.054607,0.360565
inverse,speech_planning,Early event apprehension,patient,1.000000,0.200690,0.401087,29,0.051730,0.349650
