type,word_order,split,referent,time_bin_start_ms,mean_prop,sd_prop,n_trial_bins,lower,upper
act,APV,less_than_mean,agent,0,0.372680,0.472517,194,0.304831,0.440530
act,APV,less_than_mean,agent,50,0.350206,0.472845,194,0.282310,0.418103
act,APV,less_than_mean,agent,100,0.357629,0.472625,194,0.289764,0.425494
act,APV,less_than_mean,agent,150,0.393711,0.465390,194,0.326885,0.460538
act,APV,less_than_mean,agent,200,0.462784,0.453681,194,0.397639,0.527928
act,APV,less_than_mean,agent,250,0.460619,0.479269,194,0.391799,0.529438
act,APV,less_than_mean,agent,300,0.498866,0.482700,194,0.429554,0.568178
act,APV,less_than_mean,agent,350,0.530309,0.479478,194,0.461460,0.599158
act,APV,less_than_mean,agent,400,0.567732,0.482794,194,0.498407,0.637057
act,APV,less_than_mean,agent,450,0.591134,0.478833,194,0.522378,0.659890
act,APV,less_than_mean,agent,500,0.570412,0.485095,194,0.500757,0.640068
act,APV,less_than_mean,agent,550,0.558660,0.482812,194,0.489332,0.627987
act,APV,less_than_mean,agent,600,0.574639,0.483086,194,0.505272,0.644006
act,APV,less_than_mean,agent,650,0.621649,0.469582,194,0.554221,0.689078
act,APV,less_than_mean,agent,700,0.617629,0.478656,194,0.548898,0.686360
act,APV,less_than_mean,agent,750,0.640412,0.467510,194,0.573282,0.707543
act,APV,less_than_mean,agent,800,0.636598,0.474545,194,0.568457,0.704739
act,APV,less_than_mean,agent,850,0.636289,0.461323,194,0.570046,0.702531
act,APV,less_than_mean,agent,900,0.629175,0.466641,194,0.562170,0.696181
act,APV,less_than_mean,agent,950,0.631237,0.468449,194,0.563972,0.698502
act,APV,less_than_mean,agent,1000,0.616701,0.474657,194,0.548544,0.684858
act,APV,less_than_mean,agent,1050,0.618763,0.469998,194,0.551275,0.686251
act,APV,less_than_mean,agent,1100,0.628041,0.475542,194,0.559757,0.696325
act,APV,less_than_mean,agent,1150,0.636907,0.465670,194,0.570041,0.703774
act,APV,less_than_mean,agent,1200,0.613918,0.464693,194,0.547191,0.680644
act,APV,less_than_mean,agent,1250,0.600722,0.472486,194,0.532877,0.668567
act,APV,less_than_mean,agent,1300,0.587113,0.486775,194,0.517217,0.657010
act,APV,less_than_mean,agent,1350,0.591031,0.475771,194,0.522714,0.659348
act,APV,less_than_mean,agent,1400,0.587216,0.479872,194,0.518311,0.656122
act,APV,less_than_mean,agent,1450,0.579897,0.479981,194,0.510976,0.648818
act,APV,less_than_mean,agent,1500,0.592062,0.477043,194,0.523563,0.660561
act,APV,less_than_mean,agent,1550,0.594330,0.483993,194,0.524833,0.663827
act,APV,less_than_mean,agent,1600,0.556186,0.486263,194,0.486362,0.626009
act,APV,less_than_mean,agent,1650,0.523918,0.485112,194,0.454259,0.593576
act,APV,less_than_mean,agent,1700,0.499278,0.489959,194,0.428924,0.569632
act,APV,less_than_mean,agent,1750,0.483299,0.485057,194,0.413649,0.552949
act,APV,less_than_mean,agent,1800,0.495155,0.490958,194,0.424657,0.565652
act,APV,less_than_mean,agent,1850,0.494330,0.488248,194,0.424222,0.564438
act,APV,less_than_mean,agent,1900,0.505464,0.488106,194,0.435376,0.575552
act,APV,less_than_mean,agent,1950,0.488247,0.481640,194,0.419088,0.557407
act,APV,less_than_mean,agent,2000,0.454948,0.486537,194,0.385086,0.524811
act,APV,less_than_mean,agent,2050,0.421134,0.479901,194,0.352224,0.490044
act,APV,less_than_mean,agent,2100,0.395876,0.479049,194,0.327089,0.464664
act,APV,less_than_mean,agent,2150,0.377835,0.474718,194,0.309670,0.446001
act,APV,less_than_mean,agent,2200,0.383402,0.467429,194,0.316283,0.450521
act,APV,less_than_mean,agent,2250,0.335876,0.466396,194,0.268906,0.402847
act,APV,less_than_mean,agent,2300,0.324639,0.462224,194,0.258268,0.391011
act,APV,less_than_mean,agent,2350,0.315464,0.446105,194,0.251407,0.379521
act,APV,less_than_mean,agent,2400,0.308557,0.451878,194,0.243671,0.373443
act,APV,less_than_mean,agent,2450,0.292371,0.445835,194,0.228353,0.356389
act,APV,less_than_mean,agent,2500,0.272784,0.436355,194,0.210127,0.335440
act,APV,less_than_mean,agent,2550,0.250309,0.419500,194,0.190073,0.310546
act,APV,less_than_mean,agent,2600,0.236907,0.413907,194,0.177474,0.296341
act,APV,less_than_mean,agent,2650,0.226598,0.407390,194,0.168100,0.285096
act,APV,less_than_mean,agent,2700,0.225567,0.409597,194,0.166752,0.284382
act,APV,less_than_mean,agent,2750,0.211237,0.402685,194,0.153415,0.269059
act,APV,less_than_mean,agent,2800,0.212577,0.398097,194,0.155414,0.269741
act,APV,less_than_mean,agent,2850,0.217113,0.398848,194,0.159842,0.274385
act,APV,less_than_mean,agent,2900,0.224124,0.408256,194,0.165502,0.282746
act,APV,less_than_mean,agent,2950,0.208660,0.398348,194,0.151460,0.265859
act,APV,less_than_mean,agent,3000,0.199381,0.390259,194,0.143343,0.255419
act,APV,less_than_mean,agent,3050,0.209072,0.388829,194,0.153240,0.264905
act,APV,less_than_mean,agent,3100,0.243814,0.420560,194,0.183426,0.304203
act,APV,less_than_mean,agent,3150,0.263196,0.431256,194,0.201271,0.325121
act,APV,less_than_mean,agent,3200,0.256392,0.426847,194,0.195100,0.317683
act,APV,less_than_mean,agent,3250,0.271546,0.435067,194,0.209074,0.334018
act,APV,less_than_mean,agent,3300,0.279588,0.443140,194,0.215956,0.343219
act,APV,less_than_mean,agent,3350,0.285670,0.446071,194,0.221618,0.349722
act,APV,less_than_mean,agent,3400,0.297938,0.450529,194,0.233246,0.362630
act,APV,less_than_mean,patient,0,0.430103,0.483323,194,0.360702,0.499504
act,APV,less_than_mean,patient,50,0.441753,0.490590,194,0.371308,0.512197
act,APV,less_than_mean,patient,100,0.429175,0.488504,194,0.359030,0.499320
act,APV,less_than_mean,patient,150,0.422371,0.476469,194,0.353954,0.490788
act,APV,less_than_mean,patient,200,0.421340,0.451512,194,0.356507,0.486174
act,APV,less_than_mean,patient,250,0.470619,0.482473,194,0.401340,0.539898
act,APV,less_than_mean,patient,300,0.452577,0.481215,194,0.383479,0.521676
act,APV,less_than_mean,patient,350,0.431856,0.476779,194,0.363394,0.500317
act,APV,less_than_mean,patient,400,0.394124,0.475432,194,0.325856,0.462392
act,APV,less_than_mean,patient,450,0.359794,0.466427,194,0.292819,0.426769
act,APV,less_than_mean,patient,500,0.368763,0.474104,194,0.300686,0.436840
act,APV,less_than_mean,patient,550,0.360206,0.463168,194,0.293699,0.426713
act,APV,less_than_mean,patient,600,0.340103,0.463666,194,0.273524,0.406682
act,APV,less_than_mean,patient,650,0.307526,0.444167,194,0.243747,0.371304
act,APV,less_than_mean,patient,700,0.319691,0.459901,194,0.253653,0.385729
act,APV,less_than_mean,patient,750,0.300309,0.442590,194,0.236757,0.363861
act,APV,less_than_mean,patient,800,0.284330,0.444655,194,0.220481,0.348179
act,APV,less_than_mean,patient,850,0.262062,0.423971,194,0.201183,0.322941
act,APV,less_than_mean,patient,900,0.243402,0.414232,194,0.183922,0.302882
act,APV,less_than_mean,patient,950,0.235258,0.414156,194,0.175788,0.294727
act,APV,less_than_mean,patient,1000,0.255670,0.426712,194,0.194398,0.316942
act,APV,less_than_mean,patient,1050,0.267320,0.430219,194,0.205544,0.329095
act,APV,less_than_mean,patient,1100,0.256804,0.428145,194,0.195326,0.318282
act,APV,less_than_mean,patient,1150,0.245979,0.419545,194,0.185736,0.306223
act,APV,less_than_mean,patient,1200,0.266392,0.424030,194,0.205505,0.327279
act,APV,less_than_mean,patient,1250,0.276907,0.434090,194,0.214576,0.339239
act,APV,less_than_mean,patient,1300,0.286495,0.447182,194,0.222283,0.350706
act,APV,less_than_mean,patient,1350,0.294536,0.444668,194,0.230685,0.358387
act,APV,less_than_mean,patient,1400,0.280825,0.439589,194,0.217703,0.343946
act,APV,less_than_mean,patient,1450,0.292990,0.441125,194,0.229648,0.356332
act,APV,less_than_mean,patient,1500,0.294536,0.444635,194,0.230690,0.358382
act,APV,less_than_mean,patient,1550,0.285773,0.441105,194,0.222434,0.349112
act,APV,less_than_mean,patient,1600,0.314948,0.448437,194,0.250557,0.379340
act,APV,less_than_mean,patient,1650,0.335979,0.461062,194,0.269775,0.402184
act,APV,less_than_mean,patient,1700,0.343711,0.460910,194,0.277529,0.409894
act,APV,less_than_mean,patient,1750,0.349072,0.464477,194,0.282377,0.415767
act,APV,less_than_mean,patient,1800,0.332371,0.455720,194,0.266934,0.397809
act,APV,less_than_mean,patient,1850,0.324433,0.461580,194,0.258154,0.390712
act,APV,less_than_mean,patient,1900,0.344124,0.461989,194,0.277786,0.410461
act,APV,less_than_mean,patient,1950,0.378454,0.464923,194,0.311695,0.445213
act,APV,less_than_mean,patient,2000,0.394021,0.472718,194,0.326142,0.461899
act,APV,less_than_mean,patient,2050,0.412887,0.480277,194,0.343923,0.481850
act,APV,less_than_mean,patient,2100,0.424536,0.479192,194,0.355728,0.493344
act,APV,less_than_mean,patient,2150,0.444536,0.484624,194,0.374948,0.514124
act,APV,less_than_mean,patient,2200,0.451546,0.471297,194,0.383872,0.519221
act,APV,less_than_mean,patient,2250,0.484433,0.490772,194,0.413962,0.554904
act,APV,less_than_mean,patient,2300,0.482887,0.487183,194,0.412931,0.552842
act,APV,less_than_mean,patient,2350,0.494536,0.473147,194,0.426596,0.562476
act,APV,less_than_mean,patient,2400,0.483196,0.490655,194,0.412742,0.553650
act,APV,less_than_mean,patient,2450,0.497216,0.494767,194,0.426172,0.568261
act,APV,less_than_mean,patient,2500,0.521134,0.490013,194,0.450772,0.591496
act,APV,less_than_mean,patient,2550,0.531237,0.488567,194,0.461083,0.601391
act,APV,less_than_mean,patient,2600,0.545979,0.482559,194,0.476688,0.615271
act,APV,less_than_mean,patient,2650,0.538351,0.486490,194,0.468495,0.608206
act,APV,less_than_mean,patient,2700,0.522680,0.486503,194,0.452823,0.592538
act,APV,less_than_mean,patient,2750,0.519588,0.480155,194,0.450641,0.588534
act,APV,less_than_mean,patient,2800,0.523711,0.488363,194,0.453587,0.593836
act,APV,less_than_mean,patient,2850,0.511134,0.482180,194,0.441897,0.580371
act,APV,less_than_mean,patient,2900,0.540412,0.486621,194,0.470538,0.610287
act,APV,less_than_mean,patient,2950,0.559072,0.482344,194,0.489812,0.628333
act,APV,less_than_mean,patient,3000,0.574948,0.483357,194,0.505542,0.644355
act,APV,less_than_mean,patient,3050,0.565052,0.478280,194,0.496375,0.633729
act,APV,less_than_mean,patient,3100,0.559588,0.483150,194,0.490211,0.628964
act,APV,less_than_mean,patient,3150,0.548969,0.486118,194,0.479167,0.618772
act,APV,less_than_mean,patient,3200,0.534330,0.489584,194,0.464030,0.604630
act,APV,less_than_mean,patient,3250,0.514639,0.485892,194,0.444869,0.584409
act,APV,less_than_mean,patient,3300,0.505052,0.491011,194,0.434547,0.575557
act,APV,less_than_mean,patient,3350,0.496082,0.491892,194,0.425451,0.566714
act,APV,less_than_mean,patient,3400,0.500928,0.492001,194,0.430281,0.571575
act,APV,more_than_mean,agent,0,0.355448,0.464338,145,0.278326,0.432571
act,APV,more_than_mean,agent,50,0.398621,0.476408,145,0.319494,0.477748
act,APV,more_than_mean,agent,100,0.398207,0.481484,145,0.318237,0.478177
act,APV,more_than_mean,agent,150,0.384414,0.462790,145,0.307549,0.461279
act,APV,more_than_mean,agent,200,0.406345,0.455459,145,0.330697,0.481992
act,APV,more_than_mean,agent,250,0.428138,0.458327,145,0.352014,0.504262
act,APV,more_than_mean,agent,300,0.453931,0.469434,145,0.375962,0.531900
act,APV,more_than_mean,agent,350,0.449103,0.483638,145,0.368776,0.529431
act,APV,more_than_mean,agent,400,0.443724,0.477819,145,0.364363,0.523086
act,APV,more_than_mean,agent,450,0.458069,0.481718,145,0.378060,0.538078
act,APV,more_than_mean,agent,500,0.464966,0.488658,145,0.383804,0.546127
act,APV,more_than_mean,agent,550,0.485655,0.484445,145,0.405193,0.566117
act,APV,more_than_mean,agent,600,0.510897,0.485037,145,0.430336,0.591457
act,APV,more_than_mean,agent,650,0.522345,0.491989,145,0.440630,0.604060
act,APV,more_than_mean,agent,700,0.532966,0.485304,145,0.452361,0.613570
act,APV,more_than_mean,agent,750,0.577655,0.480807,145,0.497798,0.657513
act,APV,more_than_mean,agent,800,0.588414,0.484118,145,0.508006,0.668821
act,APV,more_than_mean,agent,850,0.610483,0.473011,145,0.531920,0.689046
act,APV,more_than_mean,agent,900,0.618345,0.476407,145,0.539218,0.697472
act,APV,more_than_mean,agent,950,0.590897,0.473949,145,0.512178,0.669615
act,APV,more_than_mean,agent,1000,0.596138,0.476278,145,0.517032,0.675243
act,APV,more_than_mean,agent,1050,0.582621,0.480823,145,0.502760,0.662481
act,APV,more_than_mean,agent,1100,0.571034,0.478347,145,0.491585,0.650484
act,APV,more_than_mean,agent,1150,0.561379,0.480894,145,0.481507,0.641251
act,APV,more_than_mean,agent,1200,0.536966,0.489554,145,0.455655,0.618276
act,APV,more_than_mean,agent,1250,0.519172,0.499699,145,0.436177,0.602168
act,APV,more_than_mean,agent,1300,0.502207,0.490165,145,0.420795,0.583619
act,APV,more_than_mean,agent,1350,0.500276,0.487773,145,0.419261,0.581290
act,APV,more_than_mean,agent,1400,0.490207,0.495458,145,0.407916,0.572498
act,APV,more_than_mean,agent,1450,0.472000,0.478548,145,0.392518,0.551482
act,APV,more_than_mean,agent,1500,0.481517,0.485112,145,0.400944,0.562090
act,APV,more_than_mean,agent,1550,0.496966,0.484145,145,0.416553,0.577378
act,APV,more_than_mean,agent,1600,0.506069,0.484168,145,0.425653,0.586485
act,APV,more_than_mean,agent,1650,0.530759,0.488456,145,0.449631,0.611887
act,APV,more_than_mean,agent,1700,0.543862,0.483105,145,0.463623,0.624101
act,APV,more_than_mean,agent,1750,0.532828,0.484061,145,0.452429,0.613226
act,APV,more_than_mean,agent,1800,0.534897,0.492475,145,0.453101,0.616692
act,APV,more_than_mean,agent,1850,0.537517,0.486026,145,0.456793,0.618242
act,APV,more_than_mean,agent,1900,0.541241,0.487495,145,0.460273,0.622210
act,APV,more_than_mean,agent,1950,0.546069,0.486040,145,0.465342,0.626796
act,APV,more_than_mean,agent,2000,0.536276,0.481369,145,0.456325,0.616227
act,APV,more_than_mean,agent,2050,0.536966,0.492687,145,0.455135,0.618796
act,APV,more_than_mean,agent,2100,0.507034,0.492322,145,0.425264,0.588805
act,APV,more_than_mean,agent,2150,0.523310,0.485673,145,0.442645,0.603976
act,APV,more_than_mean,agent,2200,0.550483,0.485009,145,0.469927,0.631038
act,APV,more_than_mean,agent,2250,0.557517,0.483683,145,0.477182,0.637853
act,APV,more_than_mean,agent,2300,0.565931,0.478749,145,0.486415,0.645447
act,APV,more_than_mean,agent,2350,0.562483,0.485008,145,0.481927,0.643038
act,APV,more_than_mean,agent,2400,0.592828,0.479454,145,0.513195,0.672461
act,APV,more_than_mean,agent,2450,0.566483,0.479391,145,0.486860,0.646105
act,APV,more_than_mean,agent,2500,0.554621,0.484855,145,0.474091,0.635151
act,APV,more_than_mean,agent,2550,0.535310,0.491065,145,0.453749,0.616872
act,APV,more_than_mean,agent,2600,0.519310,0.491531,145,0.437672,0.600949
act,APV,more_than_mean,agent,2650,0.500552,0.494671,145,0.418391,0.582712
act,APV,more_than_mean,agent,2700,0.504138,0.493541,145,0.422165,0.586111
act,APV,more_than_mean,agent,2750,0.508828,0.483654,145,0.428497,0.589158
act,APV,more_than_mean,agent,2800,0.516414,0.486042,145,0.435687,0.597141
act,APV,more_than_mean,agent,2850,0.510759,0.488871,145,0.429562,0.591956
act,APV,more_than_mean,agent,2900,0.491034,0.494520,145,0.408899,0.573170
act,APV,more_than_mean,agent,2950,0.464966,0.481338,145,0.385020,0.544911
act,APV,more_than_mean,agent,3000,0.464414,0.489288,145,0.383148,0.545680
act,APV,more_than_mean,agent,3050,0.479172,0.491962,145,0.397462,0.560883
act,APV,more_than_mean,agent,3100,0.459862,0.489248,145,0.378602,0.541122
act,APV,more_than_mean,agent,3150,0.447172,0.486899,145,0.366303,0.528042
act,APV,more_than_mean,agent,3200,0.436966,0.486977,145,0.356083,0.517848
act,APV,more_than_mean,agent,3250,0.452414,0.493187,145,0.370500,0.534328
act,APV,more_than_mean,agent,3300,0.413103,0.477816,145,0.333743,0.492464
act,APV,more_than_mean,agent,3350,0.394345,0.477887,145,0.314972,0.473718
act,APV,more_than_mean,agent,3400,0.376000,0.472056,145,0.297596,0.454404
act,APV,more_than_mean,agent,3450,0.334207,0.463297,145,0.257257,0.411156
act,APV,more_than_mean,agent,3500,0.354483,0.470877,145,0.276274,0.432691
act,APV,more_than_mean,agent,3550,0.349103,0.469657,145,0.271098,0.427109
act,APV,more_than_mean,agent,3600,0.348966,0.471098,145,0.270720,0.427211
act,APV,more_than_mean,agent,3650,0.362621,0.479463,145,0.282986,0.442255
act,APV,more_than_mean,agent,3700,0.374345,0.480334,145,0.294566,0.454124
act,APV,more_than_mean,agent,3750,0.386069,0.473552,145,0.307416,0.464722
act,APV,more_than_mean,agent,3800,0.360414,0.464988,145,0.283184,0.437644
act,APV,more_than_mean,agent,3850,0.327448,0.462763,145,0.250588,0.404309
act,APV,more_than_mean,agent,3900,0.298345,0.445561,145,0.224341,0.372349
act,APV,more_than_mean,agent,3950,0.288000,0.448933,145,0.213436,0.362564
act,APV,more_than_mean,agent,4000,0.289379,0.446505,145,0.215219,0.363540
act,APV,more_than_mean,agent,4050,0.290069,0.443090,145,0.216476,0.363662
act,APV,more_than_mean,agent,4100,0.308138,0.457527,145,0.232147,0.384129
act,APV,more_than_mean,agent,4150,0.316414,0.459859,145,0.240035,0.392792
act,APV,more_than_mean,agent,4200,0.344000,0.468684,145,0.266156,0.421844
act,APV,more_than_mean,agent,4250,0.332138,0.460865,145,0.255593,0.408683
act,APV,more_than_mean,agent,4300,0.301379,0.445400,145,0.227402,0.375356
act,APV,more_than_mean,agent,4350,0.284690,0.443102,145,0.211094,0.358285
act,APV,more_than_mean,agent,4400,0.286207,0.437807,145,0.213491,0.358923
act,APV,more_than_mean,agent,4450,0.321931,0.460111,145,0.245511,0.398351
act,APV,more_than_mean,agent,4500,0.350759,0.471198,145,0.272497,0.429020
act,APV,more_than_mean,agent,4550,0.354759,0.475097,145,0.275849,0.433668
act,APV,more_than_mean,agent,4600,0.378483,0.474746,145,0.299632,0.457334
act,APV,more_than_mean,agent,4650,0.362207,0.470668,145,0.284033,0.440381
act,APV,more_than_mean,agent,4700,0.354345,0.471196,145,0.276083,0.432606
act,APV,more_than_mean,agent,4750,0.335310,0.466798,145,0.257779,0.412841
act,APV,more_than_mean,agent,4800,0.355586,0.473565,145,0.276931,0.434241
act,APV,more_than_mean,agent,4850,0.364690,0.478319,145,0.285245,0.444134
act,APV,more_than_mean,agent,4900,0.369793,0.475565,145,0.290806,0.448780
act,APV,more_than_mean,patient,0,0.395172,0.477983,145,0.315784,0.474561
act,APV,more_than_mean,patient,50,0.364276,0.460713,145,0.287756,0.440796
act,APV,more_than_mean,patient,100,0.389793,0.480515,145,0.309984,0.469602
act,APV,more_than_mean,patient,150,0.419862,0.467734,145,0.342176,0.497548
act,APV,more_than_mean,patient,200,0.458483,0.468034,145,0.380747,0.536219
act,APV,more_than_mean,patient,250,0.492000,0.467193,145,0.414404,0.569596
act,APV,more_than_mean,patient,300,0.486345,0.471031,145,0.408111,0.564579
act,APV,more_than_mean,patient,350,0.488828,0.486198,145,0.408075,0.569581
act,APV,more_than_mean,patient,400,0.480000,0.481243,145,0.400070,0.559930
act,APV,more_than_mean,patient,450,0.456138,0.477169,145,0.376884,0.535391
act,APV,more_than_mean,patient,500,0.454483,0.485332,145,0.373874,0.535092
act,APV,more_than_mean,patient,550,0.435034,0.477712,145,0.355691,0.514378
act,APV,more_than_mean,patient,600,0.412000,0.477502,145,0.332691,0.491309
act,APV,more_than_mean,patient,650,0.392828,0.479297,145,0.313221,0.472435
act,APV,more_than_mean,patient,700,0.377517,0.469242,145,0.299580,0.455454
act,APV,more_than_mean,patient,750,0.338759,0.463562,145,0.261765,0.415752
act,APV,more_than_mean,patient,800,0.342621,0.462062,145,0.265876,0.419365
act,APV,more_than_mean,patient,850,0.312966,0.449522,145,0.238304,0.387627
act,APV,more_than_mean,patient,900,0.294345,0.444120,145,0.220580,0.368109
act,APV,more_than_mean,patient,950,0.296414,0.444308,145,0.222618,0.370209
act,APV,more_than_mean,patient,1000,0.283724,0.430542,145,0.212215,0.355233
act,APV,more_than_mean,patient,1050,0.289517,0.439457,145,0.216527,0.362507
act,APV,more_than_mean,patient,1100,0.281379,0.432214,145,0.209592,0.353166
act,APV,more_than_mean,patient,1150,0.289379,0.436107,145,0.216946,0.361813
act,APV,more_than_mean,patient,1200,0.331172,0.460066,145,0.254760,0.407585
act,APV,more_than_mean,patient,1250,0.357655,0.474865,145,0.278784,0.436526
act,APV,more_than_mean,patient,1300,0.372552,0.475891,145,0.293511,0.451593
act,APV,more_than_mean,patient,1350,0.379448,0.470773,145,0.301257,0.457639
act,APV,more_than_mean,patient,1400,0.397655,0.480836,145,0.317793,0.477518
act,APV,more_than_mean,patient,1450,0.400276,0.468538,145,0.322456,0.478096
act,APV,more_than_mean,patient,1500,0.400828,0.475785,145,0.321804,0.479851
act,APV,more_than_mean,patient,1550,0.385517,0.470351,145,0.307396,0.463638
act,APV,more_than_mean,patient,1600,0.379724,0.474681,145,0.300884,0.458564
act,APV,more_than_mean,patient,1650,0.368138,0.474941,145,0.289254,0.447021
act,APV,more_than_mean,patient,1700,0.353793,0.470245,145,0.275690,0.431897
act,APV,more_than_mean,patient,1750,0.349931,0.470993,145,0.271703,0.428159
act,APV,more_than_mean,patient,1800,0.348000,0.472801,145,0.269472,0.426528
act,APV,more_than_mean,patient,1850,0.359034,0.469523,145,0.281051,0.437018
act,APV,more_than_mean,patient,1900,0.363586,0.471444,145,0.285284,0.441889
act,APV,more_than_mean,patient,1950,0.355172,0.465554,145,0.277848,0.432497
act,APV,more_than_mean,patient,2000,0.358483,0.461466,145,0.281838,0.435128
act,APV,more_than_mean,patient,2050,0.353931,0.471289,145,0.275654,0.432208
act,APV,more_than_mean,patient,2100,0.372966,0.475257,145,0.294030,0.451901
act,APV,more_than_mean,patient,2150,0.375310,0.470597,145,0.297148,0.453472
act,APV,more_than_mean,patient,2200,0.374621,0.471524,145,0.296305,0.452937
act,APV,more_than_mean,patient,2250,0.357793,0.472247,145,0.279357,0.436229
act,APV,more_than_mean,patient,2300,0.332276,0.456789,145,0.256407,0.408144
act,APV,more_than_mean,patient,2350,0.335862,0.465945,145,0.258473,0.413251
act,APV,more_than_mean,patient,2400,0.309241,0.445995,145,0.235166,0.383317
act,APV,more_than_mean,patient,2450,0.314069,0.449222,145,0.239457,0.388681
act,APV,more_than_mean,patient,2500,0.310069,0.450494,145,0.235246,0.384892
act,APV,more_than_mean,patient,2550,0.322483,0.460970,145,0.245920,0.399046
act,APV,more_than_mean,patient,2600,0.374759,0.472117,145,0.296344,0.453173
act,APV,more_than_mean,patient,2650,0.387724,0.484287,145,0.307288,0.468160
act,APV,more_than_mean,patient,2700,0.391310,0.486300,145,0.310540,0.472080
act,APV,more_than_mean,patient,2750,0.388966,0.472381,145,0.310507,0.467424
act,APV,more_than_mean,patient,2800,0.371310,0.466034,145,0.293906,0.448714
act,APV,more_than_mean,patient,2850,0.379586,0.474737,145,0.300737,0.458436
act,APV,more_than_mean,patient,2900,0.366621,0.474611,145,0.287792,0.445449
act,APV,more_than_mean,patient,2950,0.382759,0.470494,145,0.304614,0.460903
act,APV,more_than_mean,patient,3000,0.398483,0.482459,145,0.318351,0.478615
act,APV,more_than_mean,patient,3050,0.391862,0.483279,145,0.311594,0.472130
act,APV,more_than_mean,patient,3100,0.414759,0.480127,145,0.335014,0.494503
act,APV,more_than_mean,patient,3150,0.400552,0.469592,145,0.322557,0.478547
act,APV,more_than_mean,patient,3200,0.372414,0.475915,145,0.293369,0.451459
act,APV,more_than_mean,patient,3250,0.396414,0.483412,145,0.316123,0.476704
act,APV,more_than_mean,patient,3300,0.456276,0.484774,145,0.375759,0.536792
act,APV,more_than_mean,patient,3350,0.498207,0.490442,145,0.416749,0.579665
act,APV,more_than_mean,patient,3400,0.529931,0.482183,145,0.449845,0.610017
act,APV,more_than_mean,patient,3450,0.555724,0.489479,145,0.474426,0.637022
act,APV,more_than_mean,patient,3500,0.554897,0.486939,145,0.474020,0.635773
act,APV,more_than_mean,patient,3550,0.540138,0.491090,145,0.458572,0.621704
act,APV,more_than_mean,patient,3600,0.532690,0.489369,145,0.451410,0.613969
act,APV,more_than_mean,patient,3650,0.473379,0.492415,145,0.391594,0.555165
act,APV,more_than_mean,patient,3700,0.464000,0.489794,145,0.382650,0.545350
act,APV,more_than_mean,patient,3750,0.475862,0.484790,145,0.395343,0.556381
act,APV,more_than_mean,patient,3800,0.514621,0.486811,145,0.433766,0.595476
act,APV,more_than_mean,patient,3850,0.536414,0.487458,145,0.455452,0.617376
act,APV,more_than_mean,patient,3900,0.541379,0.488528,145,0.460239,0.622519
act,APV,more_than_mean,patient,3950,0.563862,0.485348,145,0.483250,0.644474
act,APV,more_than_mean,patient,4000,0.537517,0.491330,145,0.455912,0.619123
act,APV,more_than_mean,patient,4050,0.506069,0.489264,145,0.424807,0.587331
act,APV,more_than_mean,patient,4100,0.494759,0.489314,145,0.413488,0.576029
act,APV,more_than_mean,patient,4150,0.500690,0.486395,145,0.419904,0.581475
act,APV,more_than_mean,patient,4200,0.497931,0.482826,145,0.417738,0.578124
act,APV,more_than_mean,patient,4250,0.502345,0.484668,145,0.421846,0.582844
act,APV,more_than_mean,patient,4300,0.532552,0.487402,145,0.451599,0.613505
act,APV,more_than_mean,patient,4350,0.564138,0.491765,145,0.482460,0.645816
act,APV,more_than_mean,patient,4400,0.580828,0.479125,145,0.501249,0.660406
act,APV,more_than_mean,patient,4450,0.564966,0.487063,145,0.484069,0.645862
act,APV,more_than_mean,patient,4500,0.547172,0.490531,145,0.465700,0.628645
act,APV,more_than_mean,patient,4550,0.563586,0.490026,145,0.482197,0.644975
act,APV,more_than_mean,patient,4600,0.519172,0.484377,145,0.438722,0.599623
act,APV,more_than_mean,patient,4650,0.497241,0.487634,145,0.416250,0.578233
act,APV,more_than_mean,patient,4700,0.498621,0.491515,145,0.416984,0.580257
act,APV,more_than_mean,patient,4750,0.525103,0.492301,145,0.443337,0.606870
act,APV,more_than_mean,patient,4800,0.521379,0.495169,145,0.439136,0.603622
act,APV,more_than_mean,patient,4850,0.507448,0.489858,145,0.426087,0.588809
act,APV,more_than_mean,patient,4900,0.487862,0.488321,145,0.406756,0.568968
act,PV,less_than_mean,agent,0,0.457436,0.500151,39,0.297259,0.617612
act,PV,less_than_mean,agent,50,0.441538,0.469207,39,0.291272,0.591805
act,PV,less_than_mean,agent,100,0.416923,0.494401,39,0.258588,0.575258
act,PV,less_than_mean,agent,150,0.388718,0.461594,39,0.240889,0.536546
act,PV,less_than_mean,agent,200,0.369231,0.443784,39,0.227106,0.511355
act,PV,less_than_mean,agent,250,0.414872,0.495235,39,0.256270,0.573474
act,PV,less_than_mean,agent,300,0.437436,0.480639,39,0.283508,0.591364
act,PV,less_than_mean,agent,350,0.409744,0.481442,39,0.255559,0.563929
act,PV,less_than_mean,agent,400,0.378974,0.448247,39,0.235420,0.522528
act,PV,less_than_mean,agent,450,0.380000,0.479429,39,0.226460,0.533540
act,PV,less_than_mean,agent,500,0.405128,0.481920,39,0.250790,0.559466
act,PV,less_than_mean,agent,550,0.496923,0.500369,39,0.336677,0.657169
act,PV,less_than_mean,agent,600,0.522051,0.500017,39,0.361918,0.682185
act,PV,less_than_mean,agent,650,0.589231,0.485687,39,0.433687,0.744775
act,PV,less_than_mean,agent,700,0.621026,0.467016,39,0.471461,0.770591
act,PV,less_than_mean,agent,750,0.649231,0.461732,39,0.501358,0.797103
act,PV,less_than_mean,agent,800,0.653333,0.475269,39,0.501125,0.805541
act,PV,less_than_mean,agent,850,0.627179,0.467411,39,0.477488,0.776871
act,PV,less_than_mean,agent,900,0.553846,0.479762,39,0.400199,0.707493
act,PV,less_than_mean,agent,950,0.516923,0.479858,39,0.363245,0.670601
act,PV,less_than_mean,agent,1000,0.467179,0.484398,39,0.312048,0.622311
act,PV,less_than_mean,agent,1050,0.508718,0.484470,39,0.353563,0.663873
act,PV,less_than_mean,agent,1100,0.551282,0.483905,39,0.396308,0.706256
act,PV,less_than_mean,agent,1150,0.574359,0.489746,39,0.417515,0.731203
act,PV,less_than_mean,agent,1200,0.549744,0.484494,39,0.394581,0.704906
act,PV,less_than_mean,agent,1250,0.511282,0.486941,39,0.355336,0.667228
act,PV,less_than_mean,agent,1300,0.466667,0.496012,39,0.307816,0.625518
act,PV,less_than_mean,agent,1350,0.458974,0.478901,39,0.305603,0.612345
act,PV,less_than_mean,agent,1400,0.467692,0.496124,39,0.308805,0.626579
act,PV,less_than_mean,agent,1450,0.436410,0.479624,39,0.282808,0.590013
act,PV,less_than_mean,agent,1500,0.391282,0.488366,39,0.234880,0.547684
act,PV,less_than_mean,agent,1550,0.397436,0.485716,39,0.241882,0.552989
act,PV,less_than_mean,agent,1600,0.410769,0.484276,39,0.255677,0.565862
act,PV,less_than_mean,agent,1650,0.376923,0.462386,39,0.228841,0.525005
act,PV,less_than_mean,agent,1700,0.344615,0.474674,39,0.192598,0.496633
act,PV,less_than_mean,agent,1750,0.323077,0.462318,39,0.175017,0.471137
act,PV,less_than_mean,agent,1800,0.310256,0.454819,39,0.164598,0.455915
act,PV,less_than_mean,agent,1850,0.303077,0.461406,39,0.155309,0.450845
act,PV,less_than_mean,agent,1900,0.294359,0.454543,39,0.148789,0.439929
act,PV,less_than_mean,agent,1950,0.314872,0.451937,39,0.170136,0.459607
act,PV,less_than_mean,agent,2000,0.356923,0.483355,39,0.202125,0.511721
act,PV,less_than_mean,agent,2050,0.330256,0.460089,39,0.182910,0.477603
act,PV,less_than_mean,agent,2100,0.353333,0.479569,39,0.199748,0.506918
act,PV,less_than_mean,agent,2150,0.403590,0.471121,39,0.252710,0.554469
act,PV,less_than_mean,agent,2200,0.436410,0.488001,39,0.280125,0.592696
act,PV,less_than_mean,agent,2250,0.511795,0.505397,39,0.349938,0.673651
act,PV,less_than_mean,agent,2300,0.517436,0.502377,39,0.356546,0.678325
act,PV,less_than_mean,agent,2350,0.542564,0.501181,39,0.382058,0.703071
act,PV,less_than_mean,agent,2400,0.548205,0.494809,39,0.389739,0.706671
act,PV,less_than_mean,agent,2450,0.493333,0.485307,39,0.337911,0.648756
act,PV,less_than_mean,agent,2500,0.452308,0.493700,39,0.294197,0.610418
act,PV,less_than_mean,agent,2550,0.430256,0.483972,39,0.275261,0.585251
act,PV,less_than_mean,agent,2600,0.428205,0.473080,39,0.276698,0.579712
act,PV,less_than_mean,agent,2650,0.400000,0.477074,39,0.247214,0.552786
act,PV,less_than_mean,agent,2700,0.387179,0.479704,39,0.233551,0.540808
act,PV,less_than_mean,agent,2750,0.378974,0.486858,39,0.223055,0.534894
act,PV,less_than_mean,agent,2800,0.374872,0.482531,39,0.220338,0.529405
act,PV,less_than_mean,agent,2850,0.360513,0.460491,39,0.213038,0.507988
act,PV,less_than_mean,agent,2900,0.310256,0.466022,39,0.161010,0.459503
act,PV,less_than_mean,agent,2950,0.319487,0.465403,39,0.170439,0.468535
act,PV,less_than_mean,agent,3000,0.310769,0.465886,39,0.161566,0.459972
act,PV,less_than_mean,agent,3050,0.274359,0.440310,39,0.133347,0.415371
act,PV,less_than_mean,agent,3100,0.260513,0.437011,39,0.120557,0.400468
act,PV,less_than_mean,agent,3150,0.248718,0.431565,39,0.110507,0.386929
act,PV,less_than_mean,agent,3200,0.230769,0.426833,39,0.094073,0.367465
act,PV,less_than_mean,patient,0,0.409744,0.486077,39,0.254074,0.565413
act,PV,less_than_mean,patient,50,0.436923,0.473965,39,0.285133,0.588713
act,PV,less_than_mean,patient,100,0.467692,0.493827,39,0.309541,0.625844
act,PV,less_than_mean,patient,150,0.508718,0.475080,39,0.356571,0.660865
act,PV,less_than_mean,patient,200,0.549231,0.457656,39,0.402663,0.695798
act,PV,less_than_mean,patient,250,0.532821,0.500578,39,0.372507,0.693134
act,PV,less_than_mean,patient,300,0.496410,0.491354,39,0.339051,0.653770
act,PV,less_than_mean,patient,350,0.513333,0.489862,39,0.356452,0.670215
act,PV,less_than_mean,patient,400,0.544103,0.462560,39,0.395965,0.692240
act,PV,less_than_mean,patient,450,0.554359,0.485017,39,0.399029,0.709689
act,PV,less_than_mean,patient,500,0.523077,0.492225,39,0.365439,0.680715
act,PV,less_than_mean,patient,550,0.460000,0.492961,39,0.302126,0.617874
act,PV,less_than_mean,patient,600,0.427692,0.489309,39,0.270988,0.584397
act,PV,less_than_mean,patient,650,0.359487,0.473075,39,0.207982,0.510992
act,PV,less_than_mean,patient,700,0.312821,0.451209,39,0.168318,0.457323
act,PV,less_than_mean,patient,750,0.302051,0.451449,39,0.157472,0.446631
act,PV,less_than_mean,patient,800,0.282051,0.455881,39,0.136053,0.428050
act,PV,less_than_mean,patient,850,0.263590,0.440356,39,0.122563,0.404616
act,PV,less_than_mean,patient,900,0.306154,0.448463,39,0.162531,0.449777
act,PV,less_than_mean,patient,950,0.318462,0.450155,39,0.174297,0.462627
act,PV,less_than_mean,patient,1000,0.333846,0.477210,39,0.181017,0.486676
act,PV,less_than_mean,patient,1050,0.365128,0.469887,39,0.214644,0.515613
act,PV,less_than_mean,patient,1100,0.333846,0.458468,39,0.187019,0.480673
act,PV,less_than_mean,patient,1150,0.334872,0.467191,39,0.185251,0.484493
act,PV,less_than_mean,patient,1200,0.325128,0.450467,39,0.180863,0.469393
act,PV,less_than_mean,patient,1250,0.399487,0.466668,39,0.250034,0.548940
act,PV,less_than_mean,patient,1300,0.456923,0.495762,39,0.298152,0.615694
act,PV,less_than_mean,patient,1350,0.453333,0.491899,39,0.295799,0.610867
act,PV,less_than_mean,patient,1400,0.455385,0.495144,39,0.296812,0.613958
act,PV,less_than_mean,patient,1450,0.472308,0.479443,39,0.318763,0.625852
act,PV,less_than_mean,patient,1500,0.495897,0.494095,39,0.337660,0.654135
act,PV,less_than_mean,patient,1550,0.506667,0.501730,39,0.345984,0.667349
act,PV,less_than_mean,patient,1600,0.504103,0.476880,39,0.351379,0.656826
act,PV,less_than_mean,patient,1650,0.505641,0.485515,39,0.350152,0.661130
act,PV,less_than_mean,patient,1700,0.547179,0.493249,39,0.389213,0.705146
act,PV,less_than_mean,patient,1750,0.512308,0.484857,39,0.357029,0.667586
act,PV,less_than_mean,patient,1800,0.516410,0.485817,39,0.360824,0.671996
act,PV,less_than_mean,patient,1850,0.531282,0.500269,39,0.371068,0.691496
act,PV,less_than_mean,patient,1900,0.514359,0.504860,39,0.352675,0.676043
act,PV,less_than_mean,patient,1950,0.557949,0.478832,39,0.404600,0.711298
act,PV,less_than_mean,patient,2000,0.519487,0.497964,39,0.360011,0.678963
act,PV,less_than_mean,patient,2050,0.475897,0.499498,39,0.315930,0.635865
act,PV,less_than_mean,patient,2100,0.461538,0.505035,39,0.299798,0.623279
act,PV,less_than_mean,patient,2150,0.465128,0.479445,39,0.311583,0.618674
act,PV,less_than_mean,patient,2200,0.466667,0.482763,39,0.312059,0.621274
act,PV,less_than_mean,patient,2250,0.370769,0.481682,39,0.216507,0.525031
act,PV,less_than_mean,patient,2300,0.314359,0.457521,39,0.167835,0.460883
act,PV,less_than_mean,patient,2350,0.273333,0.438186,39,0.133001,0.413665
act,PV,less_than_mean,patient,2400,0.235897,0.425186,39,0.099729,0.372066
act,PV,less_than_mean,patient,2450,0.226667,0.384443,39,0.103546,0.349787
act,PV,less_than_mean,patient,2500,0.267179,0.422835,39,0.131764,0.402595
act,PV,less_than_mean,patient,2550,0.320000,0.453779,39,0.174674,0.465326
act,PV,less_than_mean,patient,2600,0.380513,0.465222,39,0.231523,0.529503
act,PV,less_than_mean,patient,2650,0.375897,0.459684,39,0.228681,0.523114
act,PV,less_than_mean,patient,2700,0.376923,0.481501,39,0.222719,0.531127
act,PV,less_than_mean,patient,2750,0.404103,0.492281,39,0.246446,0.561759
act,PV,less_than_mean,patient,2800,0.304615,0.449923,39,0.160525,0.448706
act,PV,less_than_mean,patient,2850,0.310769,0.435161,39,0.171406,0.450132
act,PV,less_than_mean,patient,2900,0.390256,0.488777,39,0.233723,0.546790
act,PV,less_than_mean,patient,2950,0.436923,0.485116,39,0.281562,0.592285
act,PV,less_than_mean,patient,3000,0.475897,0.478114,39,0.322778,0.629017
act,PV,less_than_mean,patient,3050,0.495385,0.484550,39,0.340204,0.650565
act,PV,less_than_mean,patient,3100,0.501538,0.487407,39,0.345443,0.657634
act,PV,less_than_mean,patient,3150,0.543077,0.496356,39,0.384116,0.702038
act,PV,less_than_mean,patient,3200,0.552821,0.491924,39,0.395279,0.710362
act,PV,more_than_mean,agent,0,0.541481,0.481246,27,0.356250,0.726713
act,PV,more_than_mean,agent,50,0.437037,0.488473,27,0.249024,0.625051
act,PV,more_than_mean,agent,100,0.385185,0.484485,27,0.198707,0.571664
act,PV,more_than_mean,agent,150,0.420000,0.481184,27,0.234792,0.605208
act,PV,more_than_mean,agent,200,0.623704,0.433023,27,0.457033,0.790374
act,PV,more_than_mean,agent,250,0.612593,0.468226,27,0.432372,0.792813
act,PV,more_than_mean,agent,300,0.584444,0.481515,27,0.399109,0.769780
act,PV,more_than_mean,agent,350,0.583704,0.489050,27,0.395468,0.771939
act,PV,more_than_mean,agent,400,0.605926,0.488981,27,0.417717,0.794135
act,PV,more_than_mean,agent,450,0.570370,0.495219,27,0.379760,0.760980
act,PV,more_than_mean,agent,500,0.528889,0.497419,27,0.337432,0.720346
act,PV,more_than_mean,agent,550,0.557037,0.487370,27,0.369448,0.744626
act,PV,more_than_mean,agent,600,0.587407,0.493314,27,0.397531,0.777284
act,PV,more_than_mean,agent,650,0.654815,0.462887,27,0.476650,0.832980
act,PV,more_than_mean,agent,700,0.692593,0.461541,27,0.514945,0.870240
act,PV,more_than_mean,agent,750,0.732593,0.442759,27,0.562175,0.903011
act,PV,more_than_mean,agent,800,0.701481,0.444554,27,0.530372,0.872590
act,PV,more_than_mean,agent,850,0.686667,0.462468,27,0.508663,0.864671
act,PV,more_than_mean,agent,900,0.742222,0.425435,27,0.578472,0.905972
act,PV,more_than_mean,agent,950,0.735556,0.423187,27,0.572671,0.898440
act,PV,more_than_mean,agent,1000,0.703704,0.465322,27,0.524601,0.882806
act,PV,more_than_mean,agent,1050,0.679259,0.461852,27,0.501492,0.857026
act,PV,more_than_mean,agent,1100,0.724444,0.443390,27,0.553783,0.895105
act,PV,more_than_mean,agent,1150,0.740741,0.446576,27,0.568854,0.912628
act,PV,more_than_mean,agent,1200,0.666667,0.446938,27,0.494640,0.838693
act,PV,more_than_mean,agent,1250,0.555556,0.506370,27,0.360654,0.750457
act,PV,more_than_mean,agent,1300,0.553333,0.504472,27,0.359162,0.747505
act,PV,more_than_mean,agent,1350,0.519259,0.469025,27,0.338732,0.699787
act,PV,more_than_mean,agent,1400,0.513333,0.504777,27,0.319045,0.707622
act,PV,more_than_mean,agent,1450,0.500000,0.500000,27,0.307550,0.692450
act,PV,more_than_mean,agent,1500,0.531852,0.478692,27,0.347603,0.716101
act,PV,more_than_mean,agent,1550,0.542963,0.481910,27,0.357476,0.728450
act,PV,more_than_mean,agent,1600,0.531852,0.494874,27,0.341375,0.722329
act,PV,more_than_mean,agent,1650,0.558519,0.475651,27,0.375440,0.741597
act,PV,more_than_mean,agent,1700,0.562963,0.499344,27,0.370765,0.755161
act,PV,more_than_mean,agent,1750,0.631111,0.469643,27,0.450346,0.811877
act,PV,more_than_mean,agent,1800,0.622963,0.488095,27,0.435095,0.810831
act,PV,more_than_mean,agent,1850,0.568889,0.488084,27,0.381025,0.756752
act,PV,more_than_mean,agent,1900,0.518519,0.509175,27,0.322537,0.714500
act,PV,more_than_mean,agent,1950,0.518519,0.509175,27,0.322537,0.714500
act,PV,more_than_mean,agent,2000,0.478519,0.496044,27,0.287591,0.669446
act,PV,more_than_mean,agent,2050,0.436296,0.492655,27,0.246673,0.625919
act,PV,more_than_mean,agent,2100,0.449630,0.502344,27,0.256277,0.642982
act,PV,more_than_mean,agent,2150,0.481481,0.509175,27,0.285500,0.677463
act,PV,more_than_mean,agent,2200,0.489630,0.502895,27,0.296065,0.683194
act,PV,more_than_mean,agent,2250,0.445185,0.505709,27,0.250538,0.639833
act,PV,more_than_mean,agent,2300,0.439259,0.501152,27,0.246366,0.632153
act,PV,more_than_mean,agent,2350,0.406667,0.499815,27,0.214288,0.599046
act,PV,more_than_mean,agent,2400,0.370370,0.492103,27,0.180960,0.559781
act,PV,more_than_mean,agent,2450,0.348889,0.475955,27,0.165694,0.532084
act,PV,more_than_mean,agent,2500,0.366667,0.487537,27,0.179014,0.554320
act,PV,more_than_mean,agent,2550,0.399259,0.484609,27,0.212733,0.585785
act,PV,more_than_mean,agent,2600,0.444444,0.506370,27,0.249543,0.639346
act,PV,more_than_mean,agent,2650,0.529630,0.464240,27,0.350943,0.708316
act,PV,more_than_mean,agent,2700,0.483704,0.501875,27,0.290532,0.676875
act,PV,more_than_mean,agent,2750,0.446667,0.504472,27,0.252495,0.640838
act,PV,more_than_mean,agent,2800,0.444444,0.506370,27,0.249543,0.639346
act,PV,more_than_mean,agent,2850,0.408889,0.499518,27,0.216624,0.601153
act,PV,more_than_mean,agent,2900,0.357778,0.478534,27,0.173590,0.541966
act,PV,more_than_mean,agent,2950,0.349630,0.476086,27,0.166384,0.532875
act,PV,more_than_mean,agent,3000,0.337037,0.457105,27,0.161097,0.512977
act,PV,more_than_mean,agent,3050,0.327407,0.456716,27,0.151617,0.503197
act,PV,more_than_mean,agent,3100,0.307407,0.446599,27,0.135511,0.479303
act,PV,more_than_mean,agent,3150,0.281481,0.447108,27,0.109390,0.453573
act,PV,more_than_mean,agent,3200,0.337037,0.462192,27,0.159139,0.514935
act,PV,more_than_mean,agent,3250,0.370370,0.492103,27,0.180960,0.559781
act,PV,more_than_mean,agent,3300,0.408889,0.475567,27,0.225843,0.591935
act,PV,more_than_mean,agent,3350,0.440000,0.501812,27,0.246852,0.633148
act,PV,more_than_mean,agent,3400,0.447407,0.503897,27,0.253457,0.641357
act,PV,more_than_mean,agent,3450,0.481481,0.509175,27,0.285500,0.677463
act,PV,more_than_mean,agent,3500,0.460741,0.496216,27,0.269747,0.651734
act,PV,more_than_mean,agent,3550,0.383704,0.486527,27,0.196439,0.570968
act,PV,more_than_mean,agent,3600,0.342222,0.475535,27,0.159189,0.525256
act,PV,more_than_mean,agent,3650,0.373333,0.473254,27,0.191178,0.555489
act,PV,more_than_mean,agent,3700,0.327407,0.470160,27,0.146443,0.508372
act,PV,more_than_mean,agent,3750,0.296296,0.465322,27,0.117194,0.475399
act,PV,more_than_mean,agent,3800,0.269630,0.430147,27,0.104066,0.435193
act,PV,more_than_mean,agent,3850,0.277778,0.445778,27,0.106198,0.449358
act,PV,more_than_mean,agent,3900,0.315556,0.458235,27,0.139181,0.491930
act,PV,more_than_mean,agent,3950,0.336296,0.478492,27,0.152124,0.520468
act,PV,more_than_mean,agent,4000,0.333333,0.480384,27,0.148433,0.518233
act,PV,more_than_mean,agent,4050,0.333333,0.480384,27,0.148433,0.518233
act,PV,more_than_mean,agent,4100,0.369630,0.491133,27,0.180593,0.558667
act,PV,more_than_mean,agent,4150,0.370370,0.492103,27,0.180960,0.559781
act,PV,more_than_mean,agent,4200,0.366667,0.473839,27,0.184286,0.549047
act,PV,more_than_mean,agent,4250,0.445926,0.467722,27,0.265900,0.625952
act,PV,more_than_mean,agent,4300,0.454074,0.500025,27,0.261614,0.646534
act,PV,more_than_mean,agent,4350,0.445185,0.505709,27,0.250538,0.639833
act,PV,more_than_mean,agent,4400,0.440000,0.483417,27,0.253933,0.626067
act,PV,more_than_mean,agent,4450,0.374074,0.489452,27,0.185684,0.562464
act,PV,more_than_mean,agent,4500,0.425926,0.489138,27,0.237657,0.614195
act,PV,more_than_mean,agent,4550,0.353333,0.471365,27,0.171905,0.534762
act,PV,more_than_mean,agent,4600,0.381481,0.486777,27,0.194121,0.568842
act,PV,more_than_mean,agent,4650,0.362222,0.483014,27,0.176310,0.548134
act,PV,more_than_mean,agent,4700,0.334074,0.479866,27,0.149374,0.518775
act,PV,more_than_mean,agent,4750,0.333333,0.480384,27,0.148433,0.518233
act,PV,more_than_mean,agent,4800,0.302963,0.462192,27,0.125065,0.480861
act,PV,more_than_mean,agent,4850,0.296296,0.465322,27,0.117194,0.475399
act,PV,more_than_mean,agent,4900,0.294815,0.450251,27,0.121513,0.468116
act,PV,more_than_mean,agent,4950,0.338519,0.444035,27,0.167609,0.509428
act,PV,more_than_mean,agent,5000,0.407407,0.500712,27,0.214683,0.600131
act,PV,more_than_mean,agent,5050,0.430370,0.495499,27,0.239653,0.621088
act,PV,more_than_mean,agent,5100,0.450370,0.501885,27,0.257195,0.643546
act,PV,more_than_mean,agent,5150,0.447407,0.488613,27,0.259340,0.635475
act,PV,more_than_mean,patient,0,0.269630,0.422497,27,0.107010,0.432249
act,PV,more_than_mean,patient,50,0.411852,0.481480,27,0.226530,0.597174
act,PV,more_than_mean,patient,100,0.470370,0.494006,27,0.280227,0.660513
act,PV,more_than_mean,patient,150,0.500000,0.500000,27,0.307550,0.692450
act,PV,more_than_mean,patient,200,0.365185,0.439776,27,0.195915,0.534455
act,PV,more_than_mean,patient,250,0.373333,0.477042,27,0.189720,0.556947
act,PV,more_than_mean,patient,300,0.392593,0.467140,27,0.212790,0.572395
act,PV,more_than_mean,patient,350,0.379259,0.480944,27,0.194144,0.564375
act,PV,more_than_mean,patient,400,0.357037,0.479092,27,0.172634,0.541440
act,PV,more_than_mean,patient,450,0.428889,0.494348,27,0.238614,0.619163
act,PV,more_than_mean,patient,500,0.471111,0.497419,27,0.279654,0.662568
act,PV,more_than_mean,patient,550,0.442963,0.487370,27,0.255374,0.630552
act,PV,more_than_mean,patient,600,0.405185,0.498107,27,0.213464,0.596907
act,PV,more_than_mean,patient,650,0.327407,0.449244,27,0.154493,0.500321
act,PV,more_than_mean,patient,700,0.265926,0.432304,27,0.099532,0.432320
act,PV,more_than_mean,patient,750,0.224444,0.422532,27,0.061812,0.387077
act,PV,more_than_mean,patient,800,0.222222,0.399397,27,0.068494,0.375950
act,PV,more_than_mean,patient,850,0.239259,0.423628,27,0.076205,0.402314
act,PV,more_than_mean,patient,900,0.170370,0.346737,27,0.036911,0.303830
act,PV,more_than_mean,patient,950,0.159259,0.348645,27,0.025066,0.293453
act,PV,more_than_mean,patient,1000,0.185185,0.395847,27,0.032823,0.337547
act,PV,more_than_mean,patient,1050,0.209630,0.398897,27,0.056094,0.363165
act,PV,more_than_mean,patient,1100,0.200000,0.396135,27,0.047528,0.352472
act,PV,more_than_mean,patient,1150,0.185185,0.395847,27,0.032823,0.337547
act,PV,more_than_mean,patient,1200,0.219259,0.406920,27,0.062636,0.375883
act,PV,more_than_mean,patient,1250,0.296296,0.465322,27,0.117194,0.475399
act,PV,more_than_mean,patient,1300,0.298519,0.463994,27,0.119927,0.477110
act,PV,more_than_mean,patient,1350,0.375556,0.453069,27,0.201169,0.549942
act,PV,more_than_mean,patient,1400,0.412593,0.497042,27,0.221281,0.603904
act,PV,more_than_mean,patient,1450,0.391111,0.487674,27,0.203405,0.578817
act,PV,more_than_mean,patient,1500,0.300000,0.445214,27,0.128637,0.471363
act,PV,more_than_mean,patient,1550,0.277037,0.440444,27,0.107510,0.446564
act,PV,more_than_mean,patient,1600,0.325185,0.463883,27,0.146637,0.503734
act,PV,more_than_mean,patient,1650,0.320741,0.448364,27,0.148165,0.493316
act,PV,more_than_mean,patient,1700,0.362963,0.483694,27,0.176789,0.549137
act,PV,more_than_mean,patient,1750,0.313333,0.462468,27,0.135329,0.491337
act,PV,more_than_mean,patient,1800,0.324444,0.461047,27,0.146987,0.501901
act,PV,more_than_mean,patient,1850,0.345185,0.474507,27,0.162547,0.527823
act,PV,more_than_mean,patient,1900,0.396296,0.490276,27,0.207589,0.585004
act,PV,more_than_mean,patient,1950,0.407407,0.500712,27,0.214683,0.600131
act,PV,more_than_mean,patient,2000,0.428148,0.476308,27,0.244817,0.611479
act,PV,more_than_mean,patient,2050,0.465926,0.487531,27,0.278275,0.653577
act,PV,more_than_mean,patient,2100,0.513333,0.504777,27,0.319045,0.707622
act,PV,more_than_mean,patient,2150,0.467407,0.499450,27,0.275169,0.659646
act,PV,more_than_mean,patient,2200,0.436296,0.498800,27,0.244308,0.628284
act,PV,more_than_mean,patient,2250,0.445185,0.494387,27,0.254896,0.635475
act,PV,more_than_mean,patient,2300,0.444444,0.506370,27,0.249543,0.639346
act,PV,more_than_mean,patient,2350,0.460741,0.497887,27,0.269104,0.652378
act,PV,more_than_mean,patient,2400,0.531111,0.499979,27,0.338669,0.723553
act,PV,more_than_mean,patient,2450,0.577037,0.494048,27,0.386878,0.767196
act,PV,more_than_mean,patient,2500,0.592593,0.500712,27,0.399869,0.785317
act,PV,more_than_mean,patient,2550,0.563704,0.491091,27,0.374683,0.752725
act,PV,more_than_mean,patient,2600,0.517778,0.508462,27,0.322071,0.713485
act,PV,more_than_mean,patient,2650,0.433333,0.460234,27,0.256189,0.610478
act,PV,more_than_mean,patient,2700,0.479259,0.501704,27,0.286153,0.672365
act,PV,more_than_mean,patient,2750,0.516296,0.507120,27,0.321106,0.711487
act,PV,more_than_mean,patient,2800,0.518519,0.509175,27,0.322537,0.714500
act,PV,more_than_mean,patient,2850,0.554074,0.505076,27,0.359670,0.748478
act,PV,more_than_mean,patient,2900,0.608889,0.474466,27,0.426267,0.791511
act,PV,more_than_mean,patient,2950,0.585185,0.485374,27,0.398365,0.772006
act,PV,more_than_mean,patient,3000,0.573333,0.470907,27,0.392081,0.754586
act,PV,more_than_mean,patient,3050,0.533333,0.485577,27,0.346435,0.720232
act,PV,more_than_mean,patient,3100,0.605926,0.484715,27,0.419359,0.792493
act,PV,more_than_mean,patient,3150,0.644444,0.477311,27,0.460727,0.828161
act,PV,more_than_mean,patient,3200,0.612593,0.486721,27,0.425254,0.799931
act,PV,more_than_mean,patient,3250,0.606667,0.488609,27,0.418601,0.794732
act,PV,more_than_mean,patient,3300,0.581481,0.482842,27,0.395636,0.767327
act,PV,more_than_mean,patient,3350,0.510370,0.496801,27,0.319152,0.701589
act,PV,more_than_mean,patient,3400,0.476296,0.504016,27,0.282301,0.670292
act,PV,more_than_mean,patient,3450,0.407407,0.500712,27,0.214683,0.600131
act,PV,more_than_mean,patient,3500,0.425926,0.494269,27,0.235682,0.616170
act,PV,more_than_mean,patient,3550,0.456296,0.499262,27,0.264130,0.648462
act,PV,more_than_mean,patient,3600,0.509630,0.501885,27,0.316454,0.702805
act,PV,more_than_mean,patient,3650,0.478519,0.490053,27,0.289897,0.667140
act,PV,more_than_mean,patient,3700,0.541481,0.485004,27,0.354804,0.728159
act,PV,more_than_mean,patient,3750,0.561481,0.487093,27,0.373999,0.748964
act,PV,more_than_mean,patient,3800,0.619259,0.474730,27,0.436536,0.801983
act,PV,more_than_mean,patient,3850,0.611111,0.487011,27,0.423661,0.798562
act,PV,more_than_mean,patient,3900,0.571111,0.489343,27,0.382763,0.759459
act,PV,more_than_mean,patient,3950,0.552593,0.503897,27,0.358643,0.746543
act,PV,more_than_mean,patient,4000,0.555556,0.506370,27,0.360654,0.750457
act,PV,more_than_mean,patient,4050,0.538519,0.498519,27,0.346639,0.730398
act,PV,more_than_mean,patient,4100,0.518519,0.493057,27,0.328741,0.708296
act,PV,more_than_mean,patient,4150,0.513333,0.504777,27,0.319045,0.707622
act,PV,more_than_mean,patient,4200,0.448889,0.490944,27,0.259925,0.637853
act,PV,more_than_mean,patient,4250,0.362963,0.446549,27,0.191086,0.534840
act,PV,more_than_mean,patient,4300,0.346667,0.475750,27,0.163550,0.529783
act,PV,more_than_mean,patient,4350,0.388889,0.486252,27,0.201730,0.576047
act,PV,more_than_mean,patient,4400,0.414074,0.477649,27,0.230227,0.597921
act,PV,more_than_mean,patient,4450,0.480741,0.508406,27,0.285055,0.676426
act,PV,more_than_mean,patient,4500,0.498519,0.481981,27,0.313004,0.684033
act,PV,more_than_mean,patient,4550,0.581481,0.494615,27,0.391104,0.771859
act,PV,more_than_mean,patient,4600,0.581481,0.494615,27,0.391104,0.771859
act,PV,more_than_mean,patient,4650,0.600000,0.473319,27,0.417819,0.782181
act,PV,more_than_mean,patient,4700,0.628889,0.491539,27,0.439696,0.818082
act,PV,more_than_mean,patient,4750,0.629630,0.492103,27,0.440219,0.819040
act,PV,more_than_mean,patient,4800,0.591111,0.491695,27,0.401858,0.780365
act,PV,more_than_mean,patient,4850,0.615556,0.486505,27,0.428300,0.802811
act,PV,more_than_mean,patient,4900,0.601481,0.479164,27,0.417051,0.785912
act,PV,more_than_mean,patient,4950,0.577037,0.456128,27,0.401473,0.752601
act,PV,more_than_mean,patient,5000,0.518519,0.509175,27,0.322537,0.714500
act,PV,more_than_mean,patient,5050,0.518519,0.509175,27,0.322537,0.714500
act,PV,more_than_mean,patient,5100,0.507407,0.498525,27,0.315525,0.699290
act,PV,more_than_mean,patient,5150,0.514815,0.491578,27,0.325606,0.704023
pass,AV,less_than_mean,agent,0,0.324681,0.467579,47,0.188274,0.461088
pass,AV,less_than_mean,agent,50,0.357872,0.480511,47,0.217693,0.498052
pass,AV,less_than_mean,agent,100,0.390213,0.488100,47,0.247819,0.532606
pass,AV,less_than_mean,agent,150,0.368936,0.450851,47,0.237410,0.500463
pass,AV,less_than_mean,agent,200,0.393617,0.443369,47,0.264273,0.522961
pass,AV,less_than_mean,agent,250,0.414468,0.474968,47,0.275906,0.553031
pass,AV,less_than_mean,agent,300,0.422979,0.497069,47,0.277969,0.567989
pass,AV,less_than_mean,agent,350,0.437872,0.472482,47,0.300035,0.575709
pass,AV,less_than_mean,agent,400,0.478723,0.474780,47,0.340216,0.617231
pass,AV,less_than_mean,agent,450,0.474894,0.496763,47,0.329973,0.619814
pass,AV,less_than_mean,agent,500,0.523404,0.485876,47,0.381660,0.665149
pass,AV,less_than_mean,agent,550,0.607234,0.471066,47,0.469810,0.744658
pass,AV,less_than_mean,agent,600,0.618723,0.484874,47,0.477271,0.760176
pass,AV,less_than_mean,agent,650,0.674043,0.468780,47,0.537285,0.810800
pass,AV,less_than_mean,agent,700,0.682128,0.469379,47,0.545196,0.819060
pass,AV,less_than_mean,agent,750,0.734043,0.411528,47,0.613988,0.854098
pass,AV,less_than_mean,agent,800,0.775319,0.411386,47,0.655306,0.895333
pass,AV,less_than_mean,agent,850,0.731489,0.435625,47,0.604404,0.858574
pass,AV,less_than_mean,agent,900,0.713617,0.437624,47,0.585949,0.841285
pass,AV,less_than_mean,agent,950,0.718298,0.438492,47,0.590377,0.846219
pass,AV,less_than_mean,agent,1000,0.677021,0.455478,47,0.544145,0.809898
pass,AV,less_than_mean,agent,1050,0.621277,0.481743,47,0.480738,0.761816
pass,AV,less_than_mean,agent,1100,0.613191,0.481488,47,0.472727,0.753656
pass,AV,less_than_mean,agent,1150,0.581277,0.478392,47,0.441715,0.720838
pass,AV,less_than_mean,agent,1200,0.514468,0.499438,47,0.368767,0.660169
pass,AV,less_than_mean,agent,1250,0.531489,0.488934,47,0.388853,0.674126
pass,AV,less_than_mean,agent,1300,0.535745,0.490163,47,0.392749,0.678740
pass,AV,less_than_mean,agent,1350,0.540851,0.491474,47,0.397473,0.684229
pass,AV,less_than_mean,agent,1400,0.530638,0.500258,47,0.384698,0.676579
pass,AV,less_than_mean,agent,1450,0.464681,0.486464,47,0.322765,0.606597
pass,AV,less_than_mean,agent,1500,0.404681,0.487428,47,0.262483,0.546878
pass,AV,less_than_mean,agent,1550,0.376170,0.480211,47,0.236078,0.516262
pass,AV,less_than_mean,agent,1600,0.355319,0.470120,47,0.218171,0.492467
pass,AV,less_than_mean,agent,1650,0.350213,0.453333,47,0.217962,0.482464
pass,AV,less_than_mean,agent,1700,0.359574,0.473112,47,0.221554,0.497595
pass,AV,less_than_mean,agent,1750,0.326383,0.453798,47,0.193997,0.458769
pass,AV,less_than_mean,agent,1800,0.339574,0.469458,47,0.202619,0.476530
pass,AV,less_than_mean,agent,1850,0.340000,0.455956,47,0.206984,0.473016
pass,AV,less_than_mean,agent,1900,0.324255,0.463408,47,0.189065,0.459445
pass,AV,less_than_mean,agent,1950,0.345106,0.453153,47,0.212908,0.477305
pass,AV,less_than_mean,agent,2000,0.402979,0.477311,47,0.263733,0.542225
pass,AV,less_than_mean,agent,2050,0.382128,0.485194,47,0.240582,0.523673
pass,AV,less_than_mean,agent,2100,0.390638,0.472475,47,0.252803,0.528473
pass,AV,less_than_mean,agent,2150,0.391489,0.486187,47,0.249654,0.533325
pass,AV,less_than_mean,agent,2200,0.368085,0.473703,47,0.229892,0.506278
pass,AV,less_than_mean,agent,2250,0.391064,0.481913,47,0.250475,0.531652
pass,AV,less_than_mean,agent,2300,0.422553,0.496678,47,0.277657,0.567449
pass,AV,less_than_mean,agent,2350,0.388511,0.488026,47,0.246139,0.530882
pass,AV,less_than_mean,agent,2400,0.402979,0.487941,47,0.260632,0.545326
pass,AV,less_than_mean,agent,2450,0.399149,0.471592,47,0.261571,0.536727
pass,AV,less_than_mean,agent,2500,0.410213,0.473137,47,0.272185,0.548241
pass,AV,less_than_mean,agent,2550,0.428936,0.494681,47,0.284623,0.573250
pass,AV,less_than_mean,agent,2600,0.372766,0.471970,47,0.235078,0.510454
pass,AV,less_than_mean,agent,2650,0.363830,0.476867,47,0.224713,0.502946
pass,AV,less_than_mean,agent,2700,0.296596,0.449566,47,0.165444,0.427748
pass,AV,less_than_mean,agent,2750,0.300851,0.457155,47,0.167485,0.434217
pass,AV,less_than_mean,agent,2800,0.280426,0.450516,47,0.148996,0.411855
pass,AV,less_than_mean,agent,2850,0.266809,0.421659,47,0.143798,0.389819
pass,AV,less_than_mean,agent,2900,0.334894,0.471933,47,0.197216,0.472571
pass,AV,less_than_mean,agent,2950,0.348936,0.458330,47,0.215228,0.482645
pass,AV,less_than_mean,agent,3000,0.357021,0.461773,47,0.222308,0.491734
pass,AV,less_than_mean,agent,3050,0.328511,0.468109,47,0.191949,0.465072
pass,AV,less_than_mean,agent,3100,0.269787,0.442087,47,0.140817,0.398757
pass,AV,less_than_mean,agent,3150,0.247660,0.423804,47,0.124023,0.371296
pass,AV,less_than_mean,patient,0,0.525532,0.500203,47,0.379608,0.671456
pass,AV,less_than_mean,patient,50,0.493191,0.501481,47,0.346894,0.639488
pass,AV,less_than_mean,patient,100,0.474468,0.500203,47,0.328544,0.620392
pass,AV,less_than_mean,patient,150,0.501277,0.469772,47,0.364230,0.638323
pass,AV,less_than_mean,patient,200,0.492766,0.450399,47,0.361371,0.624161
pass,AV,less_than_mean,patient,250,0.505532,0.489768,47,0.362652,0.648412
pass,AV,less_than_mean,patient,300,0.502553,0.497692,47,0.357361,0.647745
pass,AV,less_than_mean,patient,350,0.497872,0.478989,47,0.358137,0.637608
pass,AV,less_than_mean,patient,400,0.478723,0.474780,47,0.340216,0.617231
pass,AV,less_than_mean,patient,450,0.476170,0.494467,47,0.331919,0.620421
pass,AV,less_than_mean,patient,500,0.457021,0.486156,47,0.315195,0.598847
pass,AV,less_than_mean,patient,550,0.392766,0.471066,47,0.255342,0.530190
pass,AV,less_than_mean,patient,600,0.371489,0.476687,47,0.232426,0.510553
pass,AV,less_than_mean,patient,650,0.291489,0.448510,47,0.160646,0.422333
pass,AV,less_than_mean,patient,700,0.275319,0.450144,47,0.143999,0.406640
pass,AV,less_than_mean,patient,750,0.223404,0.383606,47,0.111495,0.335314
pass,AV,less_than_mean,patient,800,0.171489,0.372926,47,0.062696,0.280283
pass,AV,less_than_mean,patient,850,0.176596,0.379481,47,0.065890,0.287302
pass,AV,less_than_mean,patient,900,0.187234,0.381221,47,0.076021,0.298448
pass,AV,less_than_mean,patient,950,0.155745,0.359079,47,0.050990,0.260499
pass,AV,less_than_mean,patient,1000,0.197021,0.367364,47,0.089850,0.304192
pass,AV,less_than_mean,patient,1050,0.243404,0.418118,47,0.121427,0.365382
pass,AV,less_than_mean,patient,1100,0.255319,0.440755,47,0.126738,0.383900
pass,AV,less_than_mean,patient,1150,0.314894,0.435680,47,0.187793,0.441994
pass,AV,less_than_mean,patient,1200,0.398298,0.472051,47,0.260587,0.536009
pass,AV,less_than_mean,patient,1250,0.428511,0.491400,47,0.285155,0.571867
pass,AV,less_than_mean,patient,1300,0.446383,0.485496,47,0.304749,0.588017
pass,AV,less_than_mean,patient,1350,0.441277,0.489052,47,0.298605,0.583948
pass,AV,less_than_mean,patient,1400,0.443830,0.498583,47,0.298378,0.589281
pass,AV,less_than_mean,patient,1450,0.411915,0.475955,47,0.273065,0.550765
pass,AV,less_than_mean,patient,1500,0.381277,0.481635,47,0.240769,0.521784
pass,AV,less_than_mean,patient,1550,0.371064,0.468426,47,0.234410,0.507718
pass,AV,less_than_mean,patient,1600,0.405957,0.480415,47,0.265806,0.546109
pass,AV,less_than_mean,patient,1650,0.462553,0.471088,47,0.325123,0.599984
pass,AV,less_than_mean,patient,1700,0.466383,0.491689,47,0.322942,0.609823
pass,AV,less_than_mean,patient,1750,0.513617,0.494423,47,0.369379,0.657855
pass,AV,less_than_mean,patient,1800,0.527660,0.483548,47,0.386594,0.668725
pass,AV,less_than_mean,patient,1850,0.494894,0.487219,47,0.352757,0.637030
pass,AV,less_than_mean,patient,1900,0.507660,0.502750,47,0.360992,0.654327
pass,AV,less_than_mean,patient,1950,0.514894,0.482087,47,0.374254,0.655533
pass,AV,less_than_mean,patient,2000,0.492766,0.485931,47,0.351005,0.634527
pass,AV,less_than_mean,patient,2050,0.509362,0.498168,47,0.364031,0.654692
pass,AV,less_than_mean,patient,2100,0.473191,0.478917,47,0.333477,0.612906
pass,AV,less_than_mean,patient,2150,0.414043,0.484704,47,0.272640,0.555445
pass,AV,less_than_mean,patient,2200,0.410638,0.477618,47,0.271303,0.549974
pass,AV,less_than_mean,patient,2250,0.422128,0.485659,47,0.280446,0.563809
pass,AV,less_than_mean,patient,2300,0.411489,0.482020,47,0.270870,0.552109
pass,AV,less_than_mean,patient,2350,0.391915,0.477633,47,0.252575,0.531255
pass,AV,less_than_mean,patient,2400,0.373191,0.475235,47,0.234551,0.511832
pass,AV,less_than_mean,patient,2450,0.391489,0.472951,47,0.253515,0.529463
pass,AV,less_than_mean,patient,2500,0.422553,0.488522,47,0.280037,0.565070
pass,AV,less_than_mean,patient,2550,0.388936,0.488312,47,0.246481,0.531391
pass,AV,less_than_mean,patient,2600,0.422979,0.496929,47,0.278010,0.567948
pass,AV,less_than_mean,patient,2650,0.417872,0.490736,47,0.274710,0.561035
pass,AV,less_than_mean,patient,2700,0.477872,0.495602,47,0.333290,0.622454
pass,AV,less_than_mean,patient,2750,0.453191,0.488160,47,0.310780,0.595602
pass,AV,less_than_mean,patient,2800,0.494468,0.496889,47,0.349511,0.639426
pass,AV,less_than_mean,patient,2850,0.510213,0.482095,47,0.369571,0.650854
pass,AV,less_than_mean,patient,2900,0.452340,0.498250,47,0.306986,0.597695
pass,AV,less_than_mean,patient,2950,0.445532,0.479741,47,0.305577,0.585487
pass,AV,less_than_mean,patient,3000,0.430638,0.481481,47,0.290176,0.571101
pass,AV,less_than_mean,patient,3050,0.431915,0.494433,47,0.287674,0.576156
pass,AV,less_than_mean,patient,3100,0.400426,0.478703,47,0.260774,0.540077
pass,AV,less_than_mean,patient,3150,0.351064,0.473558,47,0.212913,0.489215
pass,AV,more_than_mean,agent,0,0.456774,0.490716,31,0.280504,0.633045
pass,AV,more_than_mean,agent,50,0.441290,0.495256,31,0.263389,0.619191
pass,AV,more_than_mean,agent,100,0.480645,0.504922,31,0.299272,0.662019
pass,AV,more_than_mean,agent,150,0.485806,0.472107,31,0.316221,0.655392
pass,AV,more_than_mean,agent,200,0.593548,0.471943,31,0.424021,0.763075
pass,AV,more_than_mean,agent,250,0.597419,0.470425,31,0.428438,0.766401
pass,AV,more_than_mean,agent,300,0.574194,0.497063,31,0.395643,0.752744
pass,AV,more_than_mean,agent,350,0.496129,0.500464,31,0.316357,0.675901
pass,AV,more_than_mean,agent,400,0.459355,0.497741,31,0.280561,0.638149
pass,AV,more_than_mean,agent,450,0.463871,0.497042,31,0.285328,0.642414
pass,AV,more_than_mean,agent,500,0.523226,0.496228,31,0.344975,0.701476
pass,AV,more_than_mean,agent,550,0.564516,0.484333,31,0.390538,0.738494
pass,AV,more_than_mean,agent,600,0.614839,0.474523,31,0.444385,0.785293
pass,AV,more_than_mean,agent,650,0.587742,0.480962,31,0.414975,0.760509
pass,AV,more_than_mean,agent,700,0.550323,0.486480,31,0.375574,0.725072
pass,AV,more_than_mean,agent,750,0.589677,0.464754,31,0.422733,0.756622
pass,AV,more_than_mean,agent,800,0.570323,0.463893,31,0.403687,0.736958
pass,AV,more_than_mean,agent,850,0.501290,0.485055,31,0.327053,0.675527
pass,AV,more_than_mean,agent,900,0.526452,0.490588,31,0.350227,0.702676
pass,AV,more_than_mean,agent,950,0.572258,0.480962,31,0.399491,0.745025
pass,AV,more_than_mean,agent,1000,0.589677,0.486645,31,0.414869,0.764485
pass,AV,more_than_mean,agent,1050,0.626452,0.474788,31,0.455903,0.797001
pass,AV,more_than_mean,agent,1100,0.648387,0.469177,31,0.479854,0.816921
pass,AV,more_than_mean,agent,1150,0.637419,0.467839,31,0.469367,0.805472
pass,AV,more_than_mean,agent,1200,0.638065,0.482614,31,0.464705,0.811425
pass,AV,more_than_mean,agent,1250,0.621290,0.485934,31,0.446738,0.795843
pass,AV,more_than_mean,agent,1300,0.645161,0.486373,31,0.470451,0.819872
pass,AV,more_than_mean,agent,1350,0.656774,0.473345,31,0.486743,0.826805
pass,AV,more_than_mean,agent,1400,0.630323,0.460576,31,0.464879,0.795766
pass,AV,more_than_mean,agent,1450,0.598710,0.489951,31,0.422714,0.774705
pass,AV,more_than_mean,agent,1500,0.595484,0.481877,31,0.422388,0.768579
pass,AV,more_than_mean,agent,1550,0.580000,0.497380,31,0.401336,0.758664
pass,AV,more_than_mean,agent,1600,0.542581,0.477570,31,0.371032,0.714129
pass,AV,more_than_mean,agent,1650,0.530323,0.496598,31,0.351939,0.708706
pass,AV,more_than_mean,agent,1700,0.570968,0.492283,31,0.394135,0.747801
pass,AV,more_than_mean,agent,1750,0.625806,0.482167,31,0.452607,0.799006
pass,AV,more_than_mean,agent,1800,0.677419,0.475191,31,0.506726,0.848113
pass,AV,more_than_mean,agent,1850,0.677419,0.475191,31,0.506726,0.848113
pass,AV,more_than_mean,agent,1900,0.650323,0.480108,31,0.477863,0.822782
pass,AV,more_than_mean,agent,1950,0.658065,0.473831,31,0.487859,0.828270
pass,AV,more_than_mean,agent,2000,0.665161,0.453577,31,0.502231,0.828091
pass,AV,more_than_mean,agent,2050,0.660000,0.469468,31,0.491362,0.828638
pass,AV,more_than_mean,agent,2100,0.632903,0.475045,31,0.462262,0.803545
pass,AV,more_than_mean,agent,2150,0.616774,0.490635,31,0.440533,0.793015
pass,AV,more_than_mean,agent,2200,0.611613,0.479271,31,0.439454,0.783772
pass,AV,more_than_mean,agent,2250,0.589032,0.493689,31,0.411694,0.766371
pass,AV,more_than_mean,agent,2300,0.588387,0.484748,31,0.414260,0.762514
pass,AV,more_than_mean,agent,2350,0.605806,0.490692,31,0.429545,0.782068
pass,AV,more_than_mean,agent,2400,0.592258,0.491791,31,0.415602,0.768914
pass,AV,more_than_mean,agent,2450,0.613548,0.494325,31,0.435982,0.791115
pass,AV,more_than_mean,agent,2500,0.619355,0.475660,31,0.448493,0.790217
pass,AV,more_than_mean,agent,2550,0.581290,0.492042,31,0.404544,0.758037
pass,AV,more_than_mean,agent,2600,0.587097,0.490294,31,0.410978,0.763215
pass,AV,more_than_mean,agent,2650,0.569032,0.476231,31,0.397965,0.740099
pass,AV,more_than_mean,agent,2700,0.461935,0.499583,31,0.282480,0.641391
pass,AV,more_than_mean,agent,2750,0.451613,0.505879,31,0.269896,0.633330
pass,AV,more_than_mean,agent,2800,0.457419,0.491657,31,0.280811,0.634028
pass,AV,more_than_mean,agent,2850,0.452258,0.486338,31,0.277560,0.626956
pass,AV,more_than_mean,agent,2900,0.411613,0.483316,31,0.238001,0.585225
pass,AV,more_than_mean,agent,2950,0.421290,0.500052,31,0.241666,0.600914
pass,AV,more_than_mean,agent,3000,0.451613,0.494659,31,0.273926,0.629300
pass,AV,more_than_mean,agent,3050,0.419355,0.501610,31,0.239171,0.599539
pass,AV,more_than_mean,agent,3100,0.419355,0.501610,31,0.239171,0.599539
pass,AV,more_than_mean,agent,3150,0.456774,0.481943,31,0.283655,0.629893
pass,AV,more_than_mean,agent,3200,0.534839,0.490387,31,0.358687,0.710991
pass,AV,more_than_mean,agent,3250,0.512258,0.488090,31,0.336931,0.687585
pass,AV,more_than_mean,agent,3300,0.484516,0.507378,31,0.302261,0.666772
pass,AV,more_than_mean,agent,3350,0.488387,0.492119,31,0.311613,0.665161
pass,AV,more_than_mean,agent,3400,0.512903,0.482426,31,0.339611,0.686196
pass,AV,more_than_mean,agent,3450,0.535484,0.492388,31,0.358613,0.712355
pass,AV,more_than_mean,agent,3500,0.514194,0.485172,31,0.339915,0.688472
pass,AV,more_than_mean,agent,3550,0.474194,0.488240,31,0.298812,0.649575
pass,AV,more_than_mean,agent,3600,0.547742,0.477875,31,0.376084,0.719400
pass,AV,more_than_mean,agent,3650,0.580645,0.501610,31,0.400461,0.760829
pass,AV,more_than_mean,agent,3700,0.594839,0.489189,31,0.419117,0.770561
pass,AV,more_than_mean,agent,3750,0.664516,0.471557,31,0.495128,0.833904
pass,AV,more_than_mean,agent,3800,0.703871,0.458182,31,0.539287,0.868455
pass,AV,more_than_mean,agent,3850,0.669677,0.471702,31,0.500237,0.839118
pass,AV,more_than_mean,agent,3900,0.605806,0.479255,31,0.433653,0.777960
pass,AV,more_than_mean,agent,3950,0.615484,0.492035,31,0.438740,0.792228
pass,AV,more_than_mean,agent,4000,0.614839,0.492774,31,0.437829,0.791848
pass,AV,more_than_mean,agent,4050,0.640645,0.483611,31,0.466927,0.814363
pass,AV,more_than_mean,agent,4100,0.634839,0.481967,31,0.461711,0.807966
pass,AV,more_than_mean,agent,4150,0.592903,0.475606,31,0.422060,0.763746
pass,AV,more_than_mean,agent,4200,0.525806,0.500645,31,0.345970,0.705643
pass,AV,more_than_mean,agent,4250,0.500645,0.488658,31,0.325114,0.676176
pass,AV,more_than_mean,agent,4300,0.474194,0.492942,31,0.297124,0.651264
pass,AV,more_than_mean,agent,4350,0.512258,0.488281,31,0.336862,0.687654
pass,AV,more_than_mean,agent,4400,0.469677,0.485410,31,0.295313,0.644042
pass,AV,more_than_mean,agent,4450,0.388387,0.467098,31,0.220601,0.556174
pass,AV,more_than_mean,agent,4500,0.395484,0.481988,31,0.222349,0.568619
pass,AV,more_than_mean,agent,4550,0.413548,0.480177,31,0.241064,0.586033
pass,AV,more_than_mean,agent,4600,0.456129,0.491051,31,0.279738,0.632520
pass,AV,more_than_mean,agent,4650,0.512258,0.504425,31,0.331063,0.693453
pass,AV,more_than_mean,agent,4700,0.498065,0.492026,31,0.321324,0.674805
pass,AV,more_than_mean,patient,0,0.382581,0.479798,31,0.210232,0.554929
pass,AV,more_than_mean,patient,50,0.398710,0.487112,31,0.223734,0.573686
pass,AV,more_than_mean,patient,100,0.401290,0.489951,31,0.225295,0.577286
pass,AV,more_than_mean,patient,150,0.417419,0.470312,31,0.248478,0.586360
pass,AV,more_than_mean,patient,200,0.378710,0.469665,31,0.210001,0.547418
pass,AV,more_than_mean,patient,250,0.402581,0.470425,31,0.233599,0.571562
pass,AV,more_than_mean,patient,300,0.425806,0.497063,31,0.247256,0.604357
pass,AV,more_than_mean,patient,350,0.503871,0.500464,31,0.324099,0.683643
pass,AV,more_than_mean,patient,400,0.540645,0.497741,31,0.361851,0.719439
pass,AV,more_than_mean,patient,450,0.478710,0.491499,31,0.302158,0.655261
pass,AV,more_than_mean,patient,500,0.412258,0.488717,31,0.236706,0.587811
pass,AV,more_than_mean,patient,550,0.375484,0.470396,31,0.206513,0.544455
pass,AV,more_than_mean,patient,600,0.347742,0.468321,31,0.179516,0.515968
pass,AV,more_than_mean,patient,650,0.369677,0.478522,31,0.197787,0.541568
pass,AV,more_than_mean,patient,700,0.417419,0.481906,31,0.244314,0.590525
pass,AV,more_than_mean,patient,750,0.378065,0.457103,31,0.213868,0.542261
pass,AV,more_than_mean,patient,800,0.365161,0.466647,31,0.197537,0.532786
pass,AV,more_than_mean,patient,850,0.366452,0.467087,31,0.198669,0.534234
pass,AV,more_than_mean,patient,900,0.283226,0.436626,31,0.126385,0.440067
pass,AV,more_than_mean,patient,950,0.276774,0.440064,31,0.118699,0.434850
pass,AV,more_than_mean,patient,1000,0.266452,0.422292,31,0.114760,0.418143
pass,AV,more_than_mean,patient,1050,0.244516,0.420974,31,0.093298,0.395734
pass,AV,more_than_mean,patient,1100,0.222581,0.404170,31,0.077399,0.367763
pass,AV,more_than_mean,patient,1150,0.296774,0.444525,31,0.137096,0.456452
pass,AV,more_than_mean,patient,1200,0.329677,0.471844,31,0.160186,0.499169
pass,AV,more_than_mean,patient,1250,0.346452,0.476414,31,0.175319,0.517585
pass,AV,more_than_mean,patient,1300,0.316774,0.467678,31,0.148779,0.484769
pass,AV,more_than_mean,patient,1350,0.310323,0.460025,31,0.145077,0.475569
pass,AV,more_than_mean,patient,1400,0.298065,0.447075,31,0.137470,0.458659
pass,AV,more_than_mean,patient,1450,0.304516,0.458947,31,0.139658,0.469375
pass,AV,more_than_mean,patient,1500,0.321935,0.465914,31,0.154574,0.489297
pass,AV,more_than_mean,patient,1550,0.352903,0.483833,31,0.179105,0.526701
pass,AV,more_than_mean,patient,1600,0.376774,0.465391,31,0.209601,0.543948
pass,AV,more_than_mean,patient,1650,0.376774,0.485169,31,0.202496,0.551052
pass,AV,more_than_mean,patient,1700,0.396129,0.486879,31,0.221237,0.571021
pass,AV,more_than_mean,patient,1750,0.341935,0.472253,31,0.172297,0.511574
pass,AV,more_than_mean,patient,1800,0.290323,0.461414,31,0.124578,0.456068
pass,AV,more_than_mean,patient,1850,0.290323,0.461414,31,0.124578,0.456068
pass,AV,more_than_mean,patient,1900,0.301290,0.452458,31,0.138763,0.463818
pass,AV,more_than_mean,patient,1950,0.273548,0.440254,31,0.115404,0.431692
pass,AV,more_than_mean,patient,2000,0.240000,0.402724,31,0.095337,0.384663
pass,AV,more_than_mean,patient,2050,0.248387,0.431177,31,0.093504,0.403271
pass,AV,more_than_mean,patient,2100,0.241935,0.422638,31,0.090119,0.393751
pass,AV,more_than_mean,patient,2150,0.258065,0.444803,31,0.098287,0.417842
pass,AV,more_than_mean,patient,2200,0.320645,0.454151,31,0.157509,0.483781
pass,AV,more_than_mean,patient,2250,0.346452,0.477029,31,0.175098,0.517806
pass,AV,more_than_mean,patient,2300,0.333548,0.470557,31,0.164519,0.502577
pass,AV,more_than_mean,patient,2350,0.329032,0.472012,31,0.159480,0.498584
pass,AV,more_than_mean,patient,2400,0.330323,0.461414,31,0.164578,0.496068
pass,AV,more_than_mean,patient,2450,0.321935,0.474253,31,0.151579,0.492292
pass,AV,more_than_mean,patient,2500,0.303226,0.455371,31,0.139652,0.466800
pass,AV,more_than_mean,patient,2550,0.354194,0.476409,31,0.183063,0.525325
pass,AV,more_than_mean,patient,2600,0.348387,0.473787,31,0.178198,0.518576
pass,AV,more_than_mean,patient,2650,0.347742,0.464634,31,0.180840,0.514643
pass,AV,more_than_mean,patient,2700,0.441290,0.497512,31,0.262579,0.620002
pass,AV,more_than_mean,patient,2750,0.472258,0.499858,31,0.292704,0.651812
pass,AV,more_than_mean,patient,2800,0.490968,0.501513,31,0.310819,0.671117
pass,AV,more_than_mean,patient,2850,0.501935,0.496987,31,0.323412,0.680459
pass,AV,more_than_mean,patient,2900,0.556129,0.488274,31,0.380736,0.731522
pass,AV,more_than_mean,patient,2950,0.540000,0.499466,31,0.360586,0.719414
pass,AV,more_than_mean,patient,3000,0.479355,0.500679,31,0.299506,0.659204
pass,AV,more_than_mean,patient,3050,0.483871,0.508001,31,0.301392,0.666350
pass,AV,more_than_mean,patient,3100,0.483871,0.508001,31,0.301392,0.666350
pass,AV,more_than_mean,patient,3150,0.454839,0.488371,31,0.279411,0.630267
pass,AV,more_than_mean,patient,3200,0.392903,0.485758,31,0.218414,0.567393
pass,AV,more_than_mean,patient,3250,0.376774,0.480530,31,0.204163,0.549386
pass,AV,more_than_mean,patient,3300,0.366452,0.481037,31,0.193658,0.539245
pass,AV,more_than_mean,patient,3350,0.312903,0.456612,31,0.148883,0.476923
pass,AV,more_than_mean,patient,3400,0.292258,0.436949,31,0.135301,0.449215
pass,AV,more_than_mean,patient,3450,0.305806,0.455227,31,0.142284,0.469329
pass,AV,more_than_mean,patient,3500,0.339355,0.469197,31,0.170814,0.507896
pass,AV,more_than_mean,patient,3550,0.343226,0.472584,31,0.173469,0.512983
pass,AV,more_than_mean,patient,3600,0.285806,0.422885,31,0.133902,0.437711
pass,AV,more_than_mean,patient,3650,0.272258,0.443311,31,0.113016,0.431500
pass,AV,more_than_mean,patient,3700,0.276129,0.443634,31,0.116771,0.435487
pass,AV,more_than_mean,patient,3750,0.233548,0.422954,31,0.081619,0.385478
pass,AV,more_than_mean,patient,3800,0.224516,0.417060,31,0.074704,0.374328
pass,AV,more_than_mean,patient,3850,0.225806,0.425024,31,0.073133,0.378479
pass,AV,more_than_mean,patient,3900,0.241290,0.422498,31,0.089524,0.393056
pass,AV,more_than_mean,patient,3950,0.226452,0.418995,31,0.075944,0.376959
pass,AV,more_than_mean,patient,4000,0.279355,0.446572,31,0.118942,0.439768
pass,AV,more_than_mean,patient,4050,0.288387,0.450238,31,0.126657,0.450117
pass,AV,more_than_mean,patient,4100,0.280000,0.447571,31,0.119228,0.440772
pass,AV,more_than_mean,patient,4150,0.249032,0.411626,31,0.101172,0.396893
pass,AV,more_than_mean,patient,4200,0.280645,0.449013,31,0.119355,0.441935
pass,AV,more_than_mean,patient,4250,0.287742,0.447711,31,0.126920,0.448564
pass,AV,more_than_mean,patient,4300,0.330968,0.462712,31,0.164757,0.497179
pass,AV,more_than_mean,patient,4350,0.272258,0.440414,31,0.114057,0.430460
pass,AV,more_than_mean,patient,4400,0.293548,0.449189,31,0.132195,0.454902
pass,AV,more_than_mean,patient,4450,0.300000,0.455456,31,0.136395,0.463605
pass,AV,more_than_mean,patient,4500,0.307742,0.453569,31,0.144815,0.470669
pass,AV,more_than_mean,patient,4550,0.370323,0.481633,31,0.197315,0.543330
pass,AV,more_than_mean,patient,4600,0.374839,0.469949,31,0.206028,0.543650
pass,AV,more_than_mean,patient,4650,0.326452,0.472734,31,0.156641,0.496263
pass,AV,more_than_mean,patient,4700,0.363871,0.460968,31,0.198286,0.529455
pass,PAV,less_than_mean,agent,0,0.524516,0.491954,31,0.347801,0.701231
pass,PAV,less_than_mean,agent,50,0.565806,0.493942,31,0.388377,0.743236
pass,PAV,less_than_mean,agent,100,0.579355,0.500546,31,0.399553,0.759156
pass,PAV,less_than_mean,agent,150,0.577419,0.480159,31,0.404941,0.749898
pass,PAV,less_than_mean,agent,200,0.443226,0.449417,31,0.281790,0.604661
pass,PAV,less_than_mean,agent,250,0.345806,0.448529,31,0.184690,0.506923
pass,PAV,less_than_mean,agent,300,0.374194,0.476381,31,0.203073,0.545315
pass,PAV,less_than_mean,agent,350,0.420645,0.479068,31,0.248559,0.592731
pass,PAV,less_than_mean,agent,400,0.401290,0.486263,31,0.226620,0.575961
pass,PAV,less_than_mean,agent,450,0.420645,0.482175,31,0.247443,0.593848
pass,PAV,less_than_mean,agent,500,0.463226,0.499255,31,0.283888,0.642564
pass,PAV,less_than_mean,agent,550,0.498065,0.482227,31,0.324843,0.671286
pass,PAV,less_than_mean,agent,600,0.441935,0.497845,31,0.263104,0.620767
pass,PAV,less_than_mean,agent,650,0.430323,0.495819,31,0.252219,0.608426
pass,PAV,less_than_mean,agent,700,0.569032,0.467556,31,0.401081,0.736983
pass,PAV,less_than_mean,agent,750,0.619355,0.469425,31,0.450733,0.787977
pass,PAV,less_than_mean,agent,800,0.654194,0.476493,31,0.483032,0.825355
pass,PAV,less_than_mean,agent,850,0.696774,0.458609,31,0.532037,0.861512
pass,PAV,less_than_mean,agent,900,0.725806,0.442815,31,0.566743,0.884870
pass,PAV,less_than_mean,agent,950,0.716129,0.452472,31,0.553596,0.878662
pass,PAV,less_than_mean,agent,1000,0.700645,0.437096,31,0.543636,0.857655
pass,PAV,less_than_mean,agent,1050,0.616774,0.477608,31,0.445212,0.788336
pass,PAV,less_than_mean,agent,1100,0.588387,0.493147,31,0.411243,0.765531
pass,PAV,less_than_mean,agent,1150,0.578710,0.500052,31,0.399086,0.758334
pass,PAV,less_than_mean,agent,1200,0.541290,0.488806,31,0.365706,0.716875
pass,PAV,less_than_mean,agent,1250,0.501935,0.474590,31,0.331458,0.672413
pass,PAV,less_than_mean,agent,1300,0.441935,0.489962,31,0.265936,0.617935
pass,PAV,less_than_mean,agent,1350,0.339355,0.469197,31,0.170814,0.507896
pass,PAV,less_than_mean,agent,1400,0.310323,0.460981,31,0.144733,0.475912
pass,PAV,less_than_mean,agent,1450,0.305161,0.459158,31,0.140227,0.470096
pass,PAV,less_than_mean,agent,1500,0.265161,0.442296,31,0.106284,0.424039
pass,PAV,less_than_mean,agent,1550,0.258065,0.444803,31,0.098287,0.417842
pass,PAV,less_than_mean,agent,1600,0.257419,0.443704,31,0.098036,0.416802
pass,PAV,less_than_mean,agent,1650,0.235484,0.413560,31,0.086929,0.384039
pass,PAV,less_than_mean,agent,1700,0.267097,0.401980,31,0.122701,0.411492
pass,PAV,less_than_mean,agent,1750,0.298710,0.448611,31,0.137564,0.459855
pass,PAV,less_than_mean,agent,1800,0.351613,0.469120,31,0.183100,0.520126
pass,PAV,less_than_mean,agent,1850,0.428387,0.487956,31,0.253108,0.603666
pass,PAV,less_than_mean,agent,1900,0.440645,0.497205,31,0.262044,0.619247
pass,PAV,less_than_mean,agent,1950,0.391613,0.470256,31,0.222692,0.560534
pass,PAV,less_than_mean,agent,2000,0.359355,0.455265,31,0.195819,0.522891
pass,PAV,less_than_mean,agent,2050,0.365806,0.474333,31,0.195421,0.536192
pass,PAV,less_than_mean,agent,2100,0.387097,0.478039,31,0.215380,0.558813
pass,PAV,less_than_mean,agent,2150,0.419355,0.480430,31,0.246779,0.591930
pass,PAV,less_than_mean,agent,2200,0.400645,0.489911,31,0.224664,0.576626
pass,PAV,less_than_mean,agent,2250,0.367097,0.481402,31,0.194172,0.540022
pass,PAV,less_than_mean,agent,2300,0.377419,0.476564,31,0.206233,0.548606
pass,PAV,less_than_mean,agent,2350,0.405806,0.484512,31,0.231765,0.579848
pass,PAV,less_than_mean,agent,2400,0.409032,0.492066,31,0.232277,0.585788
pass,PAV,less_than_mean,agent,2450,0.432903,0.491380,31,0.256394,0.609412
pass,PAV,less_than_mean,agent,2500,0.449032,0.503186,31,0.268283,0.629782
pass,PAV,less_than_mean,agent,2550,0.418710,0.500851,31,0.238799,0.598621
pass,PAV,less_than_mean,agent,2600,0.358065,0.484103,31,0.184169,0.531960
pass,PAV,less_than_mean,agent,2650,0.374839,0.477939,31,0.203158,0.546520
pass,PAV,less_than_mean,agent,2700,0.405806,0.490964,31,0.229447,0.582166
pass,PAV,less_than_mean,agent,2750,0.431613,0.495628,31,0.253578,0.609648
pass,PAV,less_than_mean,agent,2800,0.402581,0.486614,31,0.227784,0.577378
pass,PAV,less_than_mean,agent,2850,0.389032,0.478883,31,0.217012,0.561052
pass,PAV,less_than_mean,agent,2900,0.395484,0.490543,31,0.219276,0.571692
pass,PAV,less_than_mean,agent,2950,0.419355,0.501610,31,0.239171,0.599539
pass,PAV,less_than_mean,agent,3000,0.369032,0.465155,31,0.201944,0.536121
pass,PAV,less_than_mean,agent,3050,0.322581,0.475191,31,0.151887,0.493274
pass,PAV,less_than_mean,agent,3100,0.312258,0.453039,31,0.149521,0.474995
pass,PAV,less_than_mean,agent,3150,0.385806,0.493537,31,0.208523,0.563090
pass,PAV,less_than_mean,agent,3200,0.403871,0.487426,31,0.228782,0.578960
pass,PAV,less_than_mean,agent,3250,0.387097,0.495138,31,0.209238,0.564955
pass,PAV,less_than_mean,agent,3300,0.407097,0.484934,31,0.232903,0.581290
pass,PAV,less_than_mean,patient,0,0.358065,0.464280,31,0.191290,0.524839
pass,PAV,less_than_mean,patient,50,0.251613,0.420976,31,0.100394,0.402832
pass,PAV,less_than_mean,patient,100,0.227097,0.424376,31,0.074657,0.379537
pass,PAV,less_than_mean,patient,150,0.289032,0.439571,31,0.131134,0.446931
pass,PAV,less_than_mean,patient,200,0.463226,0.448229,31,0.302217,0.624234
pass,PAV,less_than_mean,patient,250,0.587742,0.476590,31,0.416546,0.758938
pass,PAV,less_than_mean,patient,300,0.593548,0.483994,31,0.419693,0.767404
pass,PAV,less_than_mean,patient,350,0.547097,0.483447,31,0.373437,0.720756
pass,PAV,less_than_mean,patient,400,0.548387,0.495574,31,0.370372,0.726403
pass,PAV,less_than_mean,patient,450,0.514839,0.488644,31,0.339313,0.690365
pass,PAV,less_than_mean,patient,500,0.472258,0.499858,31,0.292704,0.651812
pass,PAV,less_than_mean,patient,550,0.437419,0.478017,31,0.265711,0.609128
pass,PAV,less_than_mean,patient,600,0.493548,0.501289,31,0.313480,0.673617
pass,PAV,less_than_mean,patient,650,0.505161,0.500825,31,0.325260,0.685063
pass,PAV,less_than_mean,patient,700,0.376129,0.463333,31,0.209695,0.542563
pass,PAV,less_than_mean,patient,750,0.348387,0.459704,31,0.183257,0.513517
pass,PAV,less_than_mean,patient,800,0.313548,0.464425,31,0.146722,0.480375
pass,PAV,less_than_mean,patient,850,0.270968,0.442865,31,0.111886,0.430049
pass,PAV,less_than_mean,patient,900,0.241935,0.424212,31,0.089554,0.394317
pass,PAV,less_than_mean,patient,950,0.221935,0.413097,31,0.073547,0.370324
pass,PAV,less_than_mean,patient,1000,0.229677,0.402024,31,0.085266,0.374089
pass,PAV,less_than_mean,patient,1050,0.286452,0.441675,31,0.127797,0.445106
pass,PAV,less_than_mean,patient,1100,0.343226,0.471539,31,0.173844,0.512608
pass,PAV,less_than_mean,patient,1150,0.356774,0.485032,31,0.182546,0.531003
pass,PAV,less_than_mean,patient,1200,0.423871,0.486989,31,0.248940,0.598802
pass,PAV,less_than_mean,patient,1250,0.451613,0.471247,31,0.282336,0.620890
pass,PAV,less_than_mean,patient,1300,0.461290,0.491933,31,0.284583,0.637998
pass,PAV,less_than_mean,patient,1350,0.563871,0.492542,31,0.386945,0.740797
pass,PAV,less_than_mean,patient,1400,0.587097,0.482674,31,0.413715,0.760479
pass,PAV,less_than_mean,patient,1450,0.586452,0.479566,31,0.414186,0.758717
pass,PAV,less_than_mean,patient,1500,0.633548,0.471915,31,0.464032,0.803065
pass,PAV,less_than_mean,patient,1550,0.622581,0.476340,31,0.451474,0.793687
pass,PAV,less_than_mean,patient,1600,0.591613,0.481658,31,0.418596,0.764629
pass,PAV,less_than_mean,patient,1650,0.558065,0.497845,31,0.379233,0.736896
pass,PAV,less_than_mean,patient,1700,0.558065,0.472479,31,0.388345,0.727784
pass,PAV,less_than_mean,patient,1750,0.602581,0.479965,31,0.430172,0.774989
pass,PAV,less_than_mean,patient,1800,0.571613,0.495359,31,0.393675,0.749551
pass,PAV,less_than_mean,patient,1850,0.525161,0.500958,31,0.345212,0.705111
pass,PAV,less_than_mean,patient,1900,0.527097,0.500095,31,0.347457,0.706736
pass,PAV,less_than_mean,patient,1950,0.543226,0.477021,31,0.371875,0.714577
pass,PAV,less_than_mean,patient,2000,0.500645,0.484960,31,0.326442,0.674848
pass,PAV,less_than_mean,patient,2050,0.472903,0.492789,31,0.295888,0.649918
pass,PAV,less_than_mean,patient,2100,0.469677,0.486069,31,0.295076,0.644279
pass,PAV,less_than_mean,patient,2150,0.417419,0.486011,31,0.242839,0.592000
pass,PAV,less_than_mean,patient,2200,0.389032,0.483593,31,0.215320,0.562744
pass,PAV,less_than_mean,patient,2250,0.416129,0.481149,31,0.243295,0.588963
pass,PAV,less_than_mean,patient,2300,0.431613,0.489184,31,0.255893,0.607333
pass,PAV,less_than_mean,patient,2350,0.452903,0.480015,31,0.280477,0.625330
pass,PAV,less_than_mean,patient,2400,0.494194,0.500645,31,0.314357,0.674030
pass,PAV,less_than_mean,patient,2450,0.520645,0.503865,31,0.339652,0.701639
pass,PAV,less_than_mean,patient,2500,0.518710,0.505488,31,0.337133,0.700286
pass,PAV,less_than_mean,patient,2550,0.535484,0.496433,31,0.357160,0.713808
pass,PAV,less_than_mean,patient,2600,0.514839,0.506780,31,0.332798,0.696879
pass,PAV,less_than_mean,patient,2650,0.477419,0.494442,31,0.299810,0.655028
pass,PAV,less_than_mean,patient,2700,0.483226,0.491639,31,0.306624,0.659828
pass,PAV,less_than_mean,patient,2750,0.471613,0.499647,31,0.292134,0.651091
pass,PAV,less_than_mean,patient,2800,0.518710,0.494070,31,0.341235,0.696185
pass,PAV,less_than_mean,patient,2850,0.533548,0.498889,31,0.354342,0.712755
pass,PAV,less_than_mean,patient,2900,0.523871,0.489855,31,0.347910,0.699832
pass,PAV,less_than_mean,patient,2950,0.516129,0.508001,31,0.333650,0.698608
pass,PAV,less_than_mean,patient,3000,0.556774,0.489356,31,0.380992,0.732556
pass,PAV,less_than_mean,patient,3050,0.555484,0.499432,31,0.376083,0.734885
pass,PAV,less_than_mean,patient,3100,0.545806,0.481725,31,0.372766,0.718847
pass,PAV,less_than_mean,patient,3150,0.481290,0.494070,31,0.303815,0.658765
pass,PAV,less_than_mean,patient,3200,0.483871,0.508001,31,0.301392,0.666350
pass,PAV,less_than_mean,patient,3250,0.483871,0.508001,31,0.301392,0.666350
pass,PAV,less_than_mean,patient,3300,0.505806,0.501044,31,0.325826,0.685787
pass,PAV,more_than_mean,agent,0,0.431852,0.496147,27,0.240885,0.622819
pass,PAV,more_than_mean,agent,50,0.472593,0.490656,27,0.283739,0.661446
pass,PAV,more_than_mean,agent,100,0.518519,0.509175,27,0.322537,0.714500
pass,PAV,more_than_mean,agent,150,0.469630,0.478310,27,0.285528,0.653731
pass,PAV,more_than_mean,agent,200,0.336296,0.449000,27,0.163476,0.509117
pass,PAV,more_than_mean,agent,250,0.377037,0.481207,27,0.191820,0.562254
pass,PAV,more_than_mean,agent,300,0.402963,0.487654,27,0.215265,0.590661
pass,PAV,more_than_mean,agent,350,0.431852,0.465296,27,0.252759,0.610944
pass,PAV,more_than_mean,agent,400,0.509630,0.481452,27,0.324319,0.694941
pass,PAV,more_than_mean,agent,450,0.557778,0.488588,27,0.369720,0.745835
pass,PAV,more_than_mean,agent,500,0.588148,0.497479,27,0.396669,0.779628
pass,PAV,more_than_mean,agent,550,0.526667,0.497934,27,0.335012,0.718322
pass,PAV,more_than_mean,agent,600,0.524444,0.488462,27,0.336435,0.712453
pass,PAV,more_than_mean,agent,650,0.547407,0.489808,27,0.358880,0.735935
pass,PAV,more_than_mean,agent,700,0.649630,0.455408,27,0.474343,0.824916
pass,PAV,more_than_mean,agent,750,0.703704,0.465322,27,0.524601,0.882806
pass,PAV,more_than_mean,agent,800,0.715556,0.450550,27,0.542139,0.888972
pass,PAV,more_than_mean,agent,850,0.739259,0.445749,27,0.567691,0.910828
pass,PAV,more_than_mean,agent,900,0.714815,0.451241,27,0.541132,0.888497
pass,PAV,more_than_mean,agent,950,0.745185,0.437953,27,0.576617,0.913753
pass,PAV,more_than_mean,agent,1000,0.784444,0.407934,27,0.627431,0.941458
pass,PAV,more_than_mean,agent,1050,0.802963,0.392378,27,0.651937,0.953989
pass,PAV,more_than_mean,agent,1100,0.831852,0.361971,27,0.692529,0.971175
pass,PAV,more_than_mean,agent,1150,0.742222,0.402084,27,0.587460,0.896985
pass,PAV,more_than_mean,agent,1200,0.654815,0.468995,27,0.474298,0.835331
pass,PAV,more_than_mean,agent,1250,0.625185,0.474960,27,0.442373,0.807998
pass,PAV,more_than_mean,agent,1300,0.662963,0.464616,27,0.484132,0.841794
pass,PAV,more_than_mean,agent,1350,0.658519,0.454683,27,0.483511,0.833526
pass,PAV,more_than_mean,agent,1400,0.560000,0.480256,27,0.375149,0.744851
pass,PAV,more_than_mean,agent,1450,0.503704,0.500370,27,0.311111,0.696296
pass,PAV,more_than_mean,agent,1500,0.452593,0.478592,27,0.268382,0.636803
pass,PAV,more_than_mean,agent,1550,0.445926,0.486963,27,0.258494,0.633358
pass,PAV,more_than_mean,agent,1600,0.466667,0.499230,27,0.274513,0.658820
pass,PAV,more_than_mean,agent,1650,0.454074,0.498731,27,0.262112,0.646036
pass,PAV,more_than_mean,agent,1700,0.471111,0.500994,27,0.278278,0.663944
pass,PAV,more_than_mean,agent,1750,0.398519,0.468580,27,0.218162,0.578875
pass,PAV,more_than_mean,agent,1800,0.360000,0.481152,27,0.174804,0.545196
pass,PAV,more_than_mean,agent,1850,0.333333,0.480384,27,0.148433,0.518233
pass,PAV,more_than_mean,agent,1900,0.333333,0.480384,27,0.148433,0.518233
pass,PAV,more_than_mean,agent,1950,0.314074,0.462728,27,0.135970,0.492178
pass,PAV,more_than_mean,agent,2000,0.284444,0.450550,27,0.111028,0.457861
pass,PAV,more_than_mean,agent,2050,0.250370,0.418141,27,0.089428,0.411313
pass,PAV,more_than_mean,agent,2100,0.222222,0.423659,27,0.059156,0.385289
pass,PAV,more_than_mean,agent,2150,0.219259,0.418256,27,0.058273,0.380246
pass,PAV,more_than_mean,agent,2200,0.200000,0.396135,27,0.047528,0.352472
pass,PAV,more_than_mean,agent,2250,0.270370,0.433283,27,0.103600,0.437141
pass,PAV,more_than_mean,agent,2300,0.332593,0.479331,27,0.148098,0.517087
pass,PAV,more_than_mean,agent,2350,0.361481,0.472080,27,0.179778,0.543185
pass,PAV,more_than_mean,agent,2400,0.434074,0.487184,27,0.246557,0.621591
pass,PAV,more_than_mean,agent,2450,0.481481,0.509175,27,0.285500,0.677463
pass,PAV,more_than_mean,agent,2500,0.480741,0.486605,27,0.293447,0.668035
pass,PAV,more_than_mean,agent,2550,0.448148,0.494221,27,0.257923,0.638374
pass,PAV,more_than_mean,agent,2600,0.429630,0.495219,27,0.239020,0.620240
pass,PAV,more_than_mean,agent,2650,0.414074,0.496257,27,0.223065,0.605084
pass,PAV,more_than_mean,agent,2700,0.413333,0.496635,27,0.222178,0.604488
pass,PAV,more_than_mean,agent,2750,0.381481,0.486777,27,0.194121,0.568842
pass,PAV,more_than_mean,agent,2800,0.398519,0.489361,27,0.210163,0.586874
pass,PAV,more_than_mean,agent,2850,0.441481,0.486808,27,0.254109,0.628854
pass,PAV,more_than_mean,agent,2900,0.469630,0.480716,27,0.284602,0.654657
pass,PAV,more_than_mean,agent,2950,0.455556,0.489091,27,0.267304,0.643807
pass,PAV,more_than_mean,agent,3000,0.417037,0.474056,27,0.234573,0.599501
pass,PAV,more_than_mean,agent,3050,0.345926,0.473898,27,0.163523,0.528329
pass,PAV,more_than_mean,agent,3100,0.391111,0.462513,27,0.213090,0.569132
pass,PAV,more_than_mean,agent,3150,0.442222,0.503964,27,0.248246,0.636198
pass,PAV,more_than_mean,agent,3200,0.409630,0.498964,27,0.217578,0.601681
pass,PAV,more_than_mean,agent,3250,0.431111,0.487894,27,0.243320,0.618902
pass,PAV,more_than_mean,agent,3300,0.444444,0.477762,27,0.260554,0.628335
pass,PAV,more_than_mean,agent,3350,0.370370,0.492103,27,0.180960,0.559781
pass,PAV,more_than_mean,agent,3400,0.422963,0.490673,27,0.234103,0.611823
pass,PAV,more_than_mean,agent,3450,0.497037,0.500237,27,0.304496,0.689578
pass,PAV,more_than_mean,agent,3500,0.481481,0.484051,27,0.295170,0.667793
pass,PAV,more_than_mean,agent,3550,0.528148,0.488270,27,0.340213,0.716084
pass,PAV,more_than_mean,agent,3600,0.562222,0.487011,27,0.374772,0.749673
pass,PAV,more_than_mean,agent,3650,0.628889,0.463808,27,0.450369,0.807409
pass,PAV,more_than_mean,agent,3700,0.720741,0.440995,27,0.551002,0.890480
pass,PAV,more_than_mean,agent,3750,0.688889,0.456486,27,0.513187,0.864590
pass,PAV,more_than_mean,agent,3800,0.651852,0.475856,27,0.468695,0.835009
pass,PAV,more_than_mean,agent,3850,0.643704,0.475946,27,0.460512,0.826895
pass,PAV,more_than_mean,agent,3900,0.614815,0.486513,27,0.427556,0.802074
pass,PAV,more_than_mean,agent,3950,0.597778,0.495032,27,0.407240,0.788316
pass,PAV,more_than_mean,agent,4000,0.576296,0.487570,27,0.388631,0.763962
pass,PAV,more_than_mean,agent,4050,0.641481,0.468941,27,0.460986,0.821977
pass,PAV,more_than_mean,agent,4100,0.610370,0.475212,27,0.427461,0.793280
pass,PAV,more_than_mean,agent,4150,0.563704,0.486369,27,0.376500,0.750907
pass,PAV,more_than_mean,agent,4200,0.450370,0.488211,27,0.262458,0.638283
pass,PAV,more_than_mean,agent,4250,0.418519,0.493494,27,0.228573,0.608464
pass,PAV,more_than_mean,agent,4300,0.445926,0.481338,27,0.260659,0.631193
pass,PAV,more_than_mean,agent,4350,0.494074,0.492835,27,0.304382,0.683766
pass,PAV,more_than_mean,agent,4400,0.462222,0.498531,27,0.270337,0.654107
pass,PAV,more_than_mean,agent,4450,0.444444,0.506370,27,0.249543,0.639346
pass,PAV,more_than_mean,agent,4500,0.444444,0.506370,27,0.249543,0.639346
pass,PAV,more_than_mean,agent,4550,0.481481,0.509175,27,0.285500,0.677463
pass,PAV,more_than_mean,agent,4600,0.489630,0.487107,27,0.302142,0.677117
pass,PAV,more_than_mean,agent,4650,0.525926,0.501561,27,0.332875,0.718977
pass,PAV,more_than_mean,agent,4700,0.513333,0.486653,27,0.326021,0.700646
pass,PAV,more_than_mean,agent,4750,0.518519,0.509175,27,0.322537,0.714500
pass,PAV,more_than_mean,agent,4800,0.520000,0.502302,27,0.326664,0.713336
pass,PAV,more_than_mean,agent,4850,0.477778,0.488052,27,0.289926,0.665629
pass,PAV,more_than_mean,patient,0,0.405926,0.482424,27,0.220241,0.591611
pass,PAV,more_than_mean,patient,50,0.379259,0.475798,27,0.196124,0.562394
pass,PAV,more_than_mean,patient,100,0.376296,0.488421,27,0.188303,0.564290
pass,PAV,more_than_mean,patient,150,0.434815,0.464711,27,0.255947,0.613682
pass,PAV,more_than_mean,patient,200,0.560000,0.481504,27,0.374669,0.745331
pass,PAV,more_than_mean,patient,250,0.574074,0.488477,27,0.386059,0.762089
pass,PAV,more_than_mean,patient,300,0.591852,0.483934,27,0.405585,0.778118
pass,PAV,more_than_mean,patient,350,0.520000,0.461336,27,0.342432,0.697568
pass,PAV,more_than_mean,patient,400,0.453333,0.479198,27,0.268890,0.637777
pass,PAV,more_than_mean,patient,450,0.424444,0.476084,27,0.241199,0.607689
pass,PAV,more_than_mean,patient,500,0.411852,0.497479,27,0.220372,0.603331
pass,PAV,more_than_mean,patient,550,0.473333,0.497934,27,0.281678,0.664988
pass,PAV,more_than_mean,patient,600,0.460000,0.496914,27,0.268738,0.651262
pass,PAV,more_than_mean,patient,650,0.415556,0.484604,27,0.229031,0.602080
pass,PAV,more_than_mean,patient,700,0.330370,0.458606,27,0.153853,0.506888
pass,PAV,more_than_mean,patient,750,0.296296,0.465322,27,0.117194,0.475399
pass,PAV,more_than_mean,patient,800,0.284444,0.450550,27,0.111028,0.457861
pass,PAV,more_than_mean,patient,850,0.260741,0.445749,27,0.089172,0.432309
pass,PAV,more_than_mean,patient,900,0.285185,0.451241,27,0.111503,0.458868
pass,PAV,more_than_mean,patient,950,0.244444,0.426230,27,0.080389,0.408500
pass,PAV,more_than_mean,patient,1000,0.209630,0.397119,27,0.056778,0.362481
pass,PAV,more_than_mean,patient,1050,0.183704,0.392743,27,0.032537,0.334871
pass,PAV,more_than_mean,patient,1100,0.125185,0.323519,27,0.000663,0.249708
pass,PAV,more_than_mean,patient,1150,0.131111,0.304648,27,0.013852,0.248370
pass,PAV,more_than_mean,patient,1200,0.202963,0.397984,27,0.049779,0.356147
pass,PAV,more_than_mean,patient,1250,0.254815,0.439461,27,0.085666,0.423963
pass,PAV,more_than_mean,patient,1300,0.253333,0.433199,27,0.086595,0.420072
pass,PAV,more_than_mean,patient,1350,0.264444,0.433531,27,0.097578,0.431310
pass,PAV,more_than_mean,patient,1400,0.308148,0.453474,27,0.133606,0.482690
pass,PAV,more_than_mean,patient,1450,0.371111,0.473362,27,0.188914,0.553308
pass,PAV,more_than_mean,patient,1500,0.471852,0.478885,27,0.287529,0.656175
pass,PAV,more_than_mean,patient,1550,0.492593,0.492939,27,0.302860,0.682325
pass,PAV,more_than_mean,patient,1600,0.459259,0.498659,27,0.267325,0.651193
pass,PAV,more_than_mean,patient,1650,0.443704,0.497626,27,0.252167,0.635240
pass,PAV,more_than_mean,patient,1700,0.488889,0.498901,27,0.296862,0.680916
pass,PAV,more_than_mean,patient,1750,0.583704,0.461937,27,0.405904,0.761503
pass,PAV,more_than_mean,patient,1800,0.640000,0.481152,27,0.454804,0.825196
pass,PAV,more_than_mean,patient,1850,0.666667,0.480384,27,0.481767,0.851567
pass,PAV,more_than_mean,patient,1900,0.637037,0.474056,27,0.454573,0.819501
pass,PAV,more_than_mean,patient,1950,0.582963,0.495043,27,0.392421,0.773505
pass,PAV,more_than_mean,patient,2000,0.603704,0.477752,27,0.419817,0.787591
pass,PAV,more_than_mean,patient,2050,0.699259,0.435271,27,0.531723,0.866795
pass,PAV,more_than_mean,patient,2100,0.719259,0.447574,27,0.546988,0.891531
pass,PAV,more_than_mean,patient,2150,0.714074,0.437047,27,0.545855,0.882293
pass,PAV,more_than_mean,patient,2200,0.733333,0.423211,27,0.570439,0.896227
pass,PAV,more_than_mean,patient,2250,0.675556,0.448256,27,0.503022,0.848089
pass,PAV,more_than_mean,patient,2300,0.638519,0.482013,27,0.452992,0.824045
pass,PAV,more_than_mean,patient,2350,0.638519,0.472080,27,0.456815,0.820222
pass,PAV,more_than_mean,patient,2400,0.565926,0.487184,27,0.378409,0.753443
pass,PAV,more_than_mean,patient,2450,0.518519,0.509175,27,0.322537,0.714500
pass,PAV,more_than_mean,patient,2500,0.519259,0.486605,27,0.331965,0.706553
pass,PAV,more_than_mean,patient,2550,0.510370,0.495250,27,0.319748,0.700992
pass,PAV,more_than_mean,patient,2600,0.496296,0.500370,27,0.303704,0.688889
pass,PAV,more_than_mean,patient,2650,0.518519,0.509175,27,0.322537,0.714500
pass,PAV,more_than_mean,patient,2700,0.549630,0.501885,27,0.356454,0.742805
pass,PAV,more_than_mean,patient,2750,0.555556,0.506370,27,0.360654,0.750457
pass,PAV,more_than_mean,patient,2800,0.522963,0.503670,27,0.329100,0.716826
pass,PAV,more_than_mean,patient,2850,0.463704,0.479263,27,0.279235,0.648172
pass,PAV,more_than_mean,patient,2900,0.474074,0.490865,27,0.285140,0.663008
pass,PAV,more_than_mean,patient,2950,0.507407,0.491126,27,0.318373,0.696442
pass,PAV,more_than_mean,patient,3000,0.505926,0.500947,27,0.313111,0.698741
pass,PAV,more_than_mean,patient,3050,0.532593,0.491157,27,0.343546,0.721639
pass,PAV,more_than_mean,patient,3100,0.481481,0.490335,27,0.292751,0.670212
pass,PAV,more_than_mean,patient,3150,0.444444,0.506370,27,0.249543,0.639346
pass,PAV,more_than_mean,patient,3200,0.444444,0.506370,27,0.249543,0.639346
pass,PAV,more_than_mean,patient,3250,0.484444,0.502496,27,0.291034,0.677855
pass,PAV,more_than_mean,patient,3300,0.458519,0.496044,27,0.267591,0.649446
pass,PAV,more_than_mean,patient,3350,0.481481,0.509175,27,0.285500,0.677463
pass,PAV,more_than_mean,patient,3400,0.441481,0.478489,27,0.257311,0.625652
pass,PAV,more_than_mean,patient,3450,0.339259,0.462651,27,0.161185,0.517334
pass,PAV,more_than_mean,patient,3500,0.339259,0.450179,27,0.165985,0.512533
pass,PAV,more_than_mean,patient,3550,0.352593,0.468685,27,0.172195,0.532990
pass,PAV,more_than_mean,patient,3600,0.272593,0.443904,27,0.101734,0.443451
pass,PAV,more_than_mean,patient,3650,0.202963,0.391710,27,0.052194,0.353732
pass,PAV,more_than_mean,patient,3700,0.222222,0.423659,27,0.059156,0.385289
pass,PAV,more_than_mean,patient,3750,0.218519,0.413798,27,0.059248,0.377789
pass,PAV,more_than_mean,patient,3800,0.226667,0.421864,27,0.064291,0.389042
pass,PAV,more_than_mean,patient,3850,0.259259,0.446576,27,0.087372,0.431146
pass,PAV,more_than_mean,patient,3900,0.259259,0.446576,27,0.087372,0.431146
pass,PAV,more_than_mean,patient,3950,0.264444,0.444257,27,0.093450,0.435439
pass,PAV,more_than_mean,patient,4000,0.347407,0.466283,27,0.167935,0.526880
pass,PAV,more_than_mean,patient,4050,0.317778,0.457899,27,0.141532,0.494023
pass,PAV,more_than_mean,patient,4100,0.317037,0.430445,27,0.151359,0.482716
pass,PAV,more_than_mean,patient,4150,0.314815,0.463020,27,0.136598,0.493031
pass,PAV,more_than_mean,patient,4200,0.349630,0.476086,27,0.166384,0.532875
pass,PAV,more_than_mean,patient,4250,0.370370,0.492103,27,0.180960,0.559781
pass,PAV,more_than_mean,patient,4300,0.344444,0.456756,27,0.168639,0.520250
pass,PAV,more_than_mean,patient,4350,0.372593,0.485074,27,0.185887,0.559298
pass,PAV,more_than_mean,patient,4400,0.409630,0.498964,27,0.217578,0.601681
pass,PAV,more_than_mean,patient,4450,0.377778,0.487516,27,0.190133,0.565423
pass,PAV,more_than_mean,patient,4500,0.342222,0.476181,27,0.158940,0.525505
pass,PAV,more_than_mean,patient,4550,0.336296,0.478492,27,0.152124,0.520468
pass,PAV,more_than_mean,patient,4600,0.387407,0.482275,27,0.201780,0.573035
pass,PAV,more_than_mean,patient,4650,0.362222,0.483014,27,0.176310,0.548134
pass,PAV,more_than_mean,patient,4700,0.333333,0.480384,27,0.148433,0.518233
pass,PAV,more_than_mean,patient,4750,0.333333,0.480384,27,0.148433,0.518233
pass,PAV,more_than_mean,patient,4800,0.334815,0.471221,27,0.153442,0.516188
pass,PAV,more_than_mean,patient,4850,0.367407,0.475529,27,0.184376,0.550439
