graph_id,referent,time_bin_start_ms,mean_prop,sd_prop,n_trial_bins,lower,upper
act_all,agent,0,0.389227,0.473782,414,0.342657,0.435797
act_all,agent,50,0.388309,0.475993,414,0.341522,0.435097
act_all,agent,100,0.385942,0.479128,414,0.338846,0.433038
act_all,agent,150,0.398116,0.465093,414,0.352400,0.443832
act_all,agent,200,0.451353,0.454660,414,0.406662,0.496043
act_all,agent,250,0.461787,0.474282,414,0.415168,0.508407
act_all,agent,300,0.487101,0.477513,414,0.440165,0.534038
act_all,agent,350,0.496763,0.482909,414,0.449296,0.544231
act_all,agent,400,0.507440,0.481918,414,0.460070,0.554810
act_all,agent,450,0.522077,0.485228,414,0.474382,0.569773
act_all,agent,500,0.517198,0.488766,414,0.469155,0.565241
act_all,agent,550,0.529903,0.484644,414,0.482265,0.577541
act_all,agent,600,0.549758,0.484998,414,0.502086,0.597431
act_all,agent,650,0.583140,0.479593,414,0.535999,0.630282
act_all,agent,700,0.589420,0.480401,414,0.542199,0.636641
act_all,agent,750,0.621014,0.471683,414,0.574651,0.667378
act_all,agent,800,0.621353,0.476704,414,0.574495,0.668210
act_all,agent,850,0.625507,0.466373,414,0.579665,0.671349
act_all,agent,900,0.621643,0.470049,414,0.575439,0.667846
act_all,agent,950,0.605845,0.470241,414,0.559623,0.652068
act_all,agent,1000,0.592512,0.478459,414,0.545482,0.639542
act_all,agent,1050,0.591063,0.476578,414,0.544218,0.637908
act_all,agent,1100,0.601401,0.476001,414,0.554613,0.648189
act_all,agent,1150,0.604783,0.474789,414,0.558113,0.651452
act_all,agent,1200,0.580676,0.475601,414,0.533927,0.627425
act_all,agent,1250,0.558019,0.485861,414,0.510262,0.605777
act_all,agent,1300,0.543140,0.490509,414,0.494926,0.591355
act_all,agent,1350,0.543671,0.480839,414,0.496408,0.590935
act_all,agent,1400,0.540338,0.488715,414,0.492300,0.588376
act_all,agent,1450,0.530000,0.482204,414,0.482602,0.577398
act_all,agent,1500,0.535749,0.483337,414,0.488239,0.583258
act_all,agent,1550,0.541643,0.485839,414,0.493887,0.589398
act_all,agent,1600,0.524155,0.485655,414,0.476417,0.571892
act_all,agent,1650,0.515411,0.484296,414,0.467807,0.563014
act_all,agent,1700,0.505700,0.488485,414,0.457685,0.553716
act_all,agent,1750,0.496763,0.485000,414,0.449090,0.544436
act_all,agent,1800,0.501304,0.491435,414,0.452999,0.549610
act_all,agent,1850,0.494589,0.487062,414,0.446714,0.542465
act_all,agent,1900,0.495217,0.489470,414,0.447105,0.543330
act_all,agent,1950,0.493333,0.484207,414,0.445738,0.540928
act_all,agent,2000,0.477923,0.486558,414,0.430097,0.525749
act_all,agent,2050,0.459130,0.486710,414,0.411289,0.506971
act_all,agent,2100,0.440193,0.487822,414,0.392243,0.488143
act_all,agent,2150,0.444251,0.484492,414,0.396628,0.491874
act_all,agent,2200,0.460000,0.483186,414,0.412505,0.507495
act_all,agent,2250,0.444396,0.489078,414,0.396322,0.492470
act_all,agent,2300,0.442222,0.486962,414,0.394356,0.490088
act_all,agent,2350,0.436957,0.483143,414,0.389466,0.484447
act_all,agent,2400,0.442512,0.486867,414,0.394656,0.490369
act_all,agent,2450,0.421546,0.481170,414,0.374249,0.468842
act_all,agent,2500,0.403913,0.480271,414,0.356705,0.451121
act_all,agent,2550,0.385845,0.475273,414,0.339129,0.432562
act_all,agent,2600,0.376377,0.473501,414,0.329834,0.422919
act_all,agent,2650,0.365797,0.469994,414,0.319599,0.411995
act_all,agent,2700,0.362367,0.472675,414,0.315906,0.408829
act_all,agent,2750,0.354638,0.468812,414,0.308556,0.400719
act_all,agent,2800,0.359275,0.469224,414,0.313153,0.405398
act_all,agent,2850,0.355749,0.466357,414,0.309908,0.401589
act_all,agent,2900,0.342657,0.467007,414,0.296753,0.388561
act_all,agent,2950,0.325604,0.457111,414,0.280672,0.370535
act_all,agent,3000,0.319227,0.456392,414,0.274366,0.364088
act_all,agent,3050,0.322657,0.454528,414,0.277979,0.367335
act_all,agent,3100,0.329565,0.460223,414,0.284328,0.374803
act_all,agent,3150,0.333382,0.461474,414,0.288021,0.378742
act_all,agent,3200,0.327729,0.459063,414,0.282606,0.372853
act_all,agent,3250,0.349517,0.467148,414,0.303599,0.395435
act_all,agent,3300,0.345024,0.463219,414,0.299492,0.390556
act_all,agent,3350,0.352512,0.469288,414,0.306384,0.398641
act_all,agent,3400,0.357101,0.469827,414,0.310920,0.403283
act_all,agent,3450,0.348164,0.467362,414,0.302225,0.394103
act_all,agent,3500,0.357343,0.472918,414,0.310858,0.403828
act_all,agent,3550,0.352657,0.467789,414,0.306676,0.398638
act_all,agent,3600,0.351932,0.473515,414,0.305388,0.398476
act_all,agent,3650,0.355652,0.472441,414,0.309214,0.402091
act_all,agent,3700,0.357826,0.472629,414,0.311369,0.404283
act_all,agent,3750,0.347167,0.468303,413,0.301080,0.393254
act_all,agent,3800,0.323398,0.457334,412,0.278336,0.368461
act_all,agent,3850,0.300730,0.447194,411,0.256613,0.344847
act_all,agent,3900,0.298005,0.447662,411,0.253842,0.342168
act_all,agent,3950,0.314000,0.455746,410,0.268985,0.359015
act_all,agent,4000,0.309780,0.455201,409,0.264763,0.354796
act_all,agent,4050,0.307824,0.451053,409,0.263218,0.352430
act_all,patient,0,0.399517,0.476380,414,0.352691,0.446343
act_all,patient,50,0.405024,0.476543,414,0.358183,0.451866
act_all,patient,100,0.414783,0.484531,414,0.367156,0.462409
act_all,patient,150,0.428744,0.473057,414,0.382245,0.475243
act_all,patient,200,0.438599,0.456668,414,0.393711,0.483487
act_all,patient,250,0.472174,0.477985,414,0.425191,0.519157
act_all,patient,300,0.461498,0.476391,414,0.414671,0.508324
act_all,patient,350,0.454106,0.481294,414,0.406798,0.501415
act_all,patient,400,0.438309,0.477988,414,0.391326,0.485293
act_all,patient,450,0.418647,0.476507,414,0.371809,0.465485
act_all,patient,500,0.419324,0.482483,414,0.371898,0.466749
act_all,patient,550,0.400097,0.472375,414,0.353665,0.446529
act_all,patient,600,0.375652,0.472244,414,0.329233,0.422071
act_all,patient,650,0.347101,0.460109,414,0.301875,0.392328
act_all,patient,700,0.340918,0.462190,414,0.295487,0.386349
act_all,patient,750,0.313961,0.450879,414,0.269642,0.358280
act_all,patient,800,0.303961,0.450555,414,0.259674,0.348249
act_all,patient,850,0.282512,0.436148,414,0.239641,0.325383
act_all,patient,900,0.266184,0.425728,414,0.224337,0.308030
act_all,patient,950,0.265652,0.428134,414,0.223569,0.307735
act_all,patient,1000,0.274783,0.434386,414,0.232085,0.317480
act_all,patient,1050,0.286812,0.438482,414,0.243711,0.329912
act_all,patient,1100,0.275894,0.433375,414,0.233295,0.318492
act_all,patient,1150,0.274686,0.433550,414,0.232070,0.317302
act_all,patient,1200,0.297826,0.441672,414,0.254412,0.341240
act_all,patient,1250,0.323285,0.456126,414,0.278450,0.368120
act_all,patient,1300,0.334493,0.465311,414,0.288755,0.380230
act_all,patient,1350,0.343043,0.460078,414,0.297820,0.388267
act_all,patient,1400,0.344058,0.465238,414,0.298328,0.389788
act_all,patient,1450,0.349903,0.459274,414,0.304759,0.395048
act_all,patient,1500,0.348309,0.462530,414,0.302845,0.393773
act_all,patient,1550,0.340242,0.460680,414,0.294959,0.385524
act_all,patient,1600,0.358116,0.463570,414,0.312549,0.403682
act_all,patient,1650,0.364589,0.469305,414,0.318459,0.410720
act_all,patient,1700,0.369855,0.471568,414,0.323502,0.416208
act_all,patient,1750,0.364493,0.470318,414,0.318263,0.410723
act_all,patient,1800,0.357101,0.467355,414,0.311163,0.403040
act_all,patient,1850,0.361884,0.471863,414,0.315502,0.408266
act_all,patient,1900,0.374976,0.473569,414,0.328427,0.421525
act_all,patient,1950,0.390386,0.470258,414,0.344163,0.436610
act_all,patient,2000,0.394300,0.471914,414,0.347913,0.440686
act_all,patient,2050,0.399903,0.479320,414,0.352789,0.447018
act_all,patient,2100,0.413768,0.481721,414,0.366418,0.461119
act_all,patient,2150,0.420966,0.479381,414,0.373846,0.468087
act_all,patient,2200,0.420048,0.473772,414,0.373479,0.466618
act_all,patient,2250,0.421111,0.485022,414,0.373436,0.468786
act_all,patient,2300,0.407729,0.478462,414,0.360699,0.454760
act_all,patient,2350,0.412415,0.475153,414,0.365711,0.459120
act_all,patient,2400,0.398841,0.478513,414,0.351805,0.445876
act_all,patient,2450,0.406812,0.479634,414,0.359666,0.453957
act_all,patient,2500,0.423043,0.482415,414,0.375625,0.470462
act_all,patient,2550,0.435362,0.485164,414,0.387673,0.483051
act_all,patient,2600,0.461546,0.484314,414,0.413940,0.509151
act_all,patient,2650,0.456570,0.485356,414,0.408862,0.504278
act_all,patient,2700,0.453913,0.488993,414,0.405848,0.501978
act_all,patient,2750,0.458696,0.482868,414,0.411232,0.506159
act_all,patient,2800,0.445217,0.484017,414,0.397641,0.492794
act_all,patient,2850,0.445121,0.481522,414,0.397790,0.492452
act_all,patient,2900,0.466763,0.487882,414,0.418807,0.514719
act_all,patient,2950,0.485024,0.484694,414,0.437381,0.532667
act_all,patient,3000,0.501063,0.487097,414,0.453184,0.548942
act_all,patient,3050,0.495556,0.486184,414,0.447766,0.543345
act_all,patient,3100,0.506329,0.486284,414,0.458529,0.554128
act_all,patient,3150,0.498889,0.484942,414,0.451222,0.546556
act_all,patient,3200,0.479324,0.489913,414,0.431168,0.527480
act_all,patient,3250,0.475507,0.488231,414,0.427517,0.523498
act_all,patient,3300,0.493333,0.487248,414,0.445440,0.541227
act_all,patient,3350,0.494300,0.490531,414,0.446083,0.542516
act_all,patient,3400,0.500435,0.488564,414,0.452412,0.548458
act_all,patient,3450,0.504831,0.492672,414,0.456404,0.553258
act_all,patient,3500,0.507681,0.491262,414,0.459393,0.555970
act_all,patient,3550,0.498357,0.487312,414,0.450457,0.546258
act_all,patient,3600,0.483140,0.492006,414,0.434779,0.531502
act_all,patient,3650,0.452657,0.487095,414,0.404778,0.500536
act_all,patient,3700,0.457101,0.485175,414,0.409411,0.504792
act_all,patient,3750,0.483971,0.487824,413,0.435962,0.531979
act_all,patient,3800,0.519903,0.488057,412,0.471813,0.567993
act_all,patient,3850,0.525499,0.485061,411,0.477646,0.573351
act_all,patient,3900,0.515328,0.488168,411,0.467169,0.563488
act_all,patient,3950,0.497805,0.489612,410,0.449444,0.546165
act_all,patient,4000,0.486210,0.491021,409,0.437651,0.534769
act_all,patient,4050,0.485819,0.487525,409,0.437606,0.534032
act_greater_than_mean,agent,0,0.383771,0.470580,175,0.312626,0.454916
act_greater_than_mean,agent,50,0.403429,0.477072,175,0.331302,0.475555
act_greater_than_mean,agent,100,0.395086,0.480470,175,0.322445,0.467726
act_greater_than_mean,agent,150,0.390171,0.463931,175,0.320032,0.460311
act_greater_than_mean,agent,200,0.440229,0.457278,175,0.371095,0.509363
act_greater_than_mean,agent,250,0.460800,0.464250,175,0.390612,0.530988
act_greater_than_mean,agent,300,0.477714,0.472975,175,0.406207,0.549221
act_greater_than_mean,agent,350,0.473143,0.485513,175,0.399740,0.546546
act_greater_than_mean,agent,400,0.463771,0.480227,175,0.391168,0.536375
act_greater_than_mean,agent,450,0.472229,0.483330,175,0.399156,0.545301
act_greater_than_mean,agent,500,0.472571,0.489177,175,0.398615,0.546528
act_greater_than_mean,agent,550,0.494971,0.483638,175,0.421852,0.568091
act_greater_than_mean,agent,600,0.520800,0.486972,175,0.447177,0.594423
act_greater_than_mean,agent,650,0.536686,0.488314,175,0.462860,0.610512
act_greater_than_mean,agent,700,0.548457,0.485132,175,0.475112,0.621802
act_greater_than_mean,agent,750,0.591657,0.479469,175,0.519168,0.664146
act_greater_than_mean,agent,800,0.595771,0.481031,175,0.523046,0.668497
act_greater_than_mean,agent,850,0.611771,0.473758,175,0.540146,0.683397
act_greater_than_mean,agent,900,0.626857,0.473052,175,0.555338,0.698376
act_greater_than_mean,agent,950,0.608114,0.470442,175,0.536990,0.679238
act_greater_than_mean,agent,1000,0.608229,0.476188,175,0.536236,0.680221
act_greater_than_mean,agent,1050,0.593257,0.479001,175,0.520839,0.665675
act_greater_than_mean,agent,1100,0.589600,0.475553,175,0.517703,0.661497
act_greater_than_mean,agent,1150,0.579543,0.480785,175,0.506855,0.652231
act_greater_than_mean,agent,1200,0.553486,0.484843,175,0.480184,0.626787
act_greater_than_mean,agent,1250,0.523086,0.498413,175,0.447733,0.598439
act_greater_than_mean,agent,1300,0.512914,0.491379,175,0.438625,0.587204
act_greater_than_mean,agent,1350,0.506057,0.483842,175,0.432907,0.579207
act_greater_than_mean,agent,1400,0.500229,0.494233,175,0.425508,0.574950
act_greater_than_mean,agent,1450,0.490857,0.481185,175,0.418109,0.563605
act_greater_than_mean,agent,1500,0.503886,0.483463,175,0.430793,0.576978
act_greater_than_mean,agent,1550,0.518400,0.482648,175,0.445430,0.591370
act_greater_than_mean,agent,1600,0.524229,0.484256,175,0.451016,0.597441
act_greater_than_mean,agent,1650,0.548800,0.484246,175,0.475589,0.622011
act_greater_than_mean,agent,1700,0.560343,0.482986,175,0.487322,0.633364
act_greater_than_mean,agent,1750,0.561714,0.480540,175,0.489063,0.634365
act_greater_than_mean,agent,1800,0.562171,0.489999,175,0.488091,0.636252
act_greater_than_mean,agent,1850,0.551543,0.483376,175,0.478463,0.624622
act_greater_than_mean,agent,1900,0.545600,0.488985,175,0.471672,0.619528
act_greater_than_mean,agent,1950,0.551200,0.486397,175,0.477664,0.624736
act_greater_than_mean,agent,2000,0.541029,0.481994,175,0.468158,0.613899
act_greater_than_mean,agent,2050,0.535086,0.491931,175,0.460713,0.609459
act_greater_than_mean,agent,2100,0.512343,0.492839,175,0.437833,0.586853
act_greater_than_mean,agent,2150,0.530743,0.487663,175,0.457015,0.604471
act_greater_than_mean,agent,2200,0.554514,0.485725,175,0.481080,0.627949
act_greater_than_mean,agent,2250,0.553486,0.486296,175,0.479965,0.627007
act_greater_than_mean,agent,2300,0.559543,0.481821,175,0.486698,0.632387
act_greater_than_mean,agent,2350,0.551657,0.488094,175,0.477864,0.625450
act_greater_than_mean,agent,2400,0.571200,0.485209,175,0.497843,0.644557
act_greater_than_mean,agent,2450,0.546057,0.483162,175,0.473010,0.619104
act_greater_than_mean,agent,2500,0.538971,0.487953,175,0.465200,0.612743
act_greater_than_mean,agent,2550,0.528000,0.490709,175,0.453812,0.602188
act_greater_than_mean,agent,2600,0.520914,0.492168,175,0.446506,0.595323
act_greater_than_mean,agent,2650,0.513600,0.488851,175,0.439693,0.587507
act_greater_than_mean,agent,2700,0.509486,0.493455,175,0.434882,0.584089
act_greater_than_mean,agent,2750,0.508914,0.485148,175,0.435567,0.582262
act_greater_than_mean,agent,2800,0.519314,0.488323,175,0.445487,0.593142
act_greater_than_mean,agent,2850,0.509143,0.490595,175,0.434972,0.583314
act_greater_than_mean,agent,2900,0.481600,0.492320,175,0.407168,0.556032
act_greater_than_mean,agent,2950,0.453829,0.483449,175,0.380738,0.526919
act_greater_than_mean,agent,3000,0.444114,0.486674,175,0.370536,0.517693
act_greater_than_mean,agent,3050,0.453257,0.488430,175,0.379414,0.527101
act_greater_than_mean,agent,3100,0.434171,0.484714,175,0.360890,0.507453
act_greater_than_mean,agent,3150,0.424343,0.483226,175,0.351286,0.497400
act_greater_than_mean,agent,3200,0.427314,0.483071,175,0.354281,0.500348
act_greater_than_mean,agent,3250,0.449143,0.493646,175,0.374511,0.523775
act_greater_than_mean,agent,3300,0.425143,0.480023,175,0.352570,0.497715
act_greater_than_mean,agent,3350,0.417486,0.483686,175,0.344359,0.490612
act_greater_than_mean,agent,3400,0.402514,0.479145,175,0.330074,0.474954
act_greater_than_mean,agent,3450,0.371429,0.474966,175,0.299620,0.443237
act_greater_than_mean,agent,3500,0.381943,0.477983,175,0.309679,0.454207
act_greater_than_mean,agent,3550,0.365600,0.474483,175,0.293865,0.437335
act_greater_than_mean,agent,3600,0.359086,0.473994,175,0.287425,0.430747
act_greater_than_mean,agent,3650,0.369829,0.478411,175,0.297500,0.442158
act_greater_than_mean,agent,3700,0.368686,0.476802,175,0.296600,0.440771
act_greater_than_mean,agent,3750,0.371314,0.472073,175,0.299944,0.442685
act_greater_than_mean,agent,3800,0.348571,0.459557,175,0.279093,0.418050
act_greater_than_mean,agent,3850,0.319886,0.459432,175,0.250426,0.389345
act_greater_than_mean,agent,3900,0.301600,0.446722,175,0.234062,0.369138
act_greater_than_mean,agent,3950,0.296571,0.452749,175,0.228122,0.365021
act_greater_than_mean,agent,4000,0.302629,0.453746,175,0.234029,0.371228
act_greater_than_mean,agent,4050,0.303200,0.450949,175,0.235023,0.371377
act_greater_than_mean,agent,4100,0.323771,0.464404,175,0.253560,0.393983
act_greater_than_mean,agent,4150,0.330743,0.466248,175,0.260253,0.401233
act_greater_than_mean,agent,4200,0.353029,0.470069,175,0.281961,0.424096
act_greater_than_mean,agent,4250,0.349600,0.464371,175,0.279394,0.419806
act_greater_than_mean,agent,4300,0.314057,0.451970,175,0.245726,0.382389
act_greater_than_mean,agent,4350,0.298857,0.451020,175,0.230669,0.367045
act_greater_than_mean,agent,4400,0.299314,0.442718,175,0.232382,0.366247
act_greater_than_mean,agent,4450,0.318743,0.459511,175,0.249271,0.388214
act_greater_than_mean,agent,4500,0.349029,0.468535,175,0.278193,0.419864
act_greater_than_mean,agent,4550,0.342743,0.469421,175,0.271773,0.413713
act_greater_than_mean,agent,4600,0.366743,0.472088,175,0.295370,0.438116
act_greater_than_mean,agent,4650,0.350286,0.467686,175,0.279578,0.420993
act_greater_than_mean,agent,4700,0.339429,0.467424,175,0.268761,0.410096
act_greater_than_mean,agent,4750,0.323543,0.463380,175,0.253486,0.393599
act_greater_than_mean,agent,4800,0.335657,0.466978,175,0.265057,0.406258
act_greater_than_mean,agent,4850,0.347429,0.473148,175,0.275895,0.418962
act_greater_than_mean,agent,4900,0.347543,0.469152,175,0.276614,0.418472
act_greater_than_mean,agent,4950,0.365600,0.466735,175,0.295036,0.436164
act_greater_than_mean,patient,0,0.369029,0.469256,175,0.298084,0.439973
act_greater_than_mean,patient,50,0.365371,0.461453,175,0.295606,0.435137
act_greater_than_mean,patient,100,0.395543,0.480776,175,0.322856,0.468229
act_greater_than_mean,patient,150,0.426971,0.470553,175,0.355831,0.498112
act_greater_than_mean,patient,200,0.446057,0.463502,175,0.375982,0.516132
act_greater_than_mean,patient,250,0.470857,0.469603,175,0.399860,0.541855
act_greater_than_mean,patient,300,0.469257,0.470670,175,0.398099,0.540416
act_greater_than_mean,patient,350,0.469714,0.485310,175,0.396342,0.543086
act_greater_than_mean,patient,400,0.467314,0.480911,175,0.394607,0.540021
act_greater_than_mean,patient,450,0.456571,0.478438,175,0.384238,0.528904
act_greater_than_mean,patient,500,0.460686,0.486332,175,0.387159,0.534212
act_greater_than_mean,patient,550,0.438971,0.477331,175,0.366806,0.511137
act_greater_than_mean,patient,600,0.409600,0.479280,175,0.337140,0.482060
act_greater_than_mean,patient,650,0.388686,0.472856,175,0.317197,0.460175
act_greater_than_mean,patient,700,0.376000,0.469688,175,0.304990,0.447010
act_greater_than_mean,patient,750,0.336800,0.463077,175,0.266789,0.406811
act_greater_than_mean,patient,800,0.332457,0.458972,175,0.263067,0.401847
act_greater_than_mean,patient,850,0.307657,0.448162,175,0.239901,0.375413
act_greater_than_mean,patient,900,0.282400,0.435089,175,0.216621,0.348179
act_greater_than_mean,patient,950,0.287314,0.439212,175,0.220912,0.353717
act_greater_than_mean,patient,1000,0.280800,0.432626,175,0.215393,0.346207
act_greater_than_mean,patient,1050,0.289371,0.439654,175,0.222902,0.355841
act_greater_than_mean,patient,1100,0.282171,0.433109,175,0.216691,0.347651
act_greater_than_mean,patient,1150,0.291086,0.439841,175,0.224588,0.357583
act_greater_than_mean,patient,1200,0.325371,0.457747,175,0.256167,0.394576
act_greater_than_mean,patient,1250,0.357371,0.474043,175,0.285703,0.429040
act_greater_than_mean,patient,1300,0.360457,0.473451,175,0.288878,0.432036
act_greater_than_mean,patient,1350,0.378057,0.466859,175,0.307475,0.448640
act_greater_than_mean,patient,1400,0.395429,0.479691,175,0.322906,0.467951
act_greater_than_mean,patient,1450,0.392000,0.468958,175,0.321100,0.462900
act_greater_than_mean,patient,1500,0.378400,0.469896,175,0.307358,0.449442
act_greater_than_mean,patient,1550,0.362171,0.464666,175,0.291920,0.432422
act_greater_than_mean,patient,1600,0.364800,0.470480,175,0.293670,0.435930
act_greater_than_mean,patient,1650,0.354514,0.468205,175,0.283728,0.425300
act_greater_than_mean,patient,1700,0.349143,0.469163,175,0.278212,0.420074
act_greater_than_mean,patient,1750,0.338286,0.466613,175,0.267740,0.408831
act_greater_than_mean,patient,1800,0.338400,0.467807,175,0.267674,0.409126
act_greater_than_mean,patient,1850,0.355200,0.467549,175,0.284513,0.425887
act_greater_than_mean,patient,1900,0.368114,0.473127,175,0.296584,0.439644
act_greater_than_mean,patient,1950,0.361257,0.468439,175,0.290436,0.432078
act_greater_than_mean,patient,2000,0.363086,0.461608,175,0.293297,0.432874
act_greater_than_mean,patient,2050,0.365143,0.472561,175,0.293698,0.436587
act_greater_than_mean,patient,2100,0.388229,0.479814,175,0.315688,0.460770
act_greater_than_mean,patient,2150,0.383086,0.473536,175,0.311494,0.454678
act_greater_than_mean,patient,2200,0.377714,0.473475,175,0.306132,0.449297
act_greater_than_mean,patient,2250,0.365143,0.473737,175,0.293521,0.436765
act_greater_than_mean,patient,2300,0.343886,0.463374,175,0.273830,0.413941
act_greater_than_mean,patient,2350,0.349371,0.469995,175,0.278315,0.420428
act_greater_than_mean,patient,2400,0.338171,0.458710,175,0.268821,0.407522
act_greater_than_mean,patient,2450,0.349257,0.463320,175,0.279210,0.419305
act_greater_than_mean,patient,2500,0.348343,0.466891,175,0.277756,0.418930
act_greater_than_mean,patient,2550,0.354171,0.470857,175,0.282985,0.425358
act_greater_than_mean,patient,2600,0.390400,0.477959,175,0.318139,0.462661
act_greater_than_mean,patient,2650,0.388114,0.478187,175,0.315819,0.460409
act_greater_than_mean,patient,2700,0.398171,0.486948,175,0.324552,0.471791
act_greater_than_mean,patient,2750,0.401943,0.477550,175,0.329744,0.474142
act_greater_than_mean,patient,2800,0.387657,0.473236,175,0.316111,0.459204
act_greater_than_mean,patient,2850,0.400000,0.481067,175,0.327270,0.472730
act_greater_than_mean,patient,2900,0.399543,0.480196,175,0.326944,0.472142
act_greater_than_mean,patient,2950,0.409943,0.478070,175,0.337665,0.482220
act_greater_than_mean,patient,3000,0.428457,0.485298,175,0.355087,0.501827
act_greater_than_mean,patient,3050,0.418400,0.485852,175,0.344946,0.491854
act_greater_than_mean,patient,3100,0.448571,0.485109,175,0.375230,0.521913
act_greater_than_mean,patient,3150,0.438057,0.477097,175,0.365927,0.510187
act_greater_than_mean,patient,3200,0.406971,0.482421,175,0.334036,0.479907
act_greater_than_mean,patient,3250,0.422057,0.487829,175,0.348304,0.495810
act_greater_than_mean,patient,3300,0.465943,0.486150,175,0.392444,0.539442
act_greater_than_mean,patient,3350,0.491543,0.490101,175,0.417446,0.565639
act_greater_than_mean,patient,3400,0.513486,0.484316,175,0.440264,0.586707
act_greater_than_mean,patient,3450,0.525943,0.491801,175,0.451590,0.600296
act_greater_than_mean,patient,3500,0.531200,0.489314,175,0.457223,0.605177
act_greater_than_mean,patient,3550,0.523657,0.492160,175,0.449250,0.598065
act_greater_than_mean,patient,3600,0.525714,0.490287,175,0.451590,0.599839
act_greater_than_mean,patient,3650,0.477143,0.490586,175,0.402973,0.551312
act_greater_than_mean,patient,3700,0.482857,0.487512,175,0.409152,0.556562
act_greater_than_mean,patient,3750,0.498057,0.485110,175,0.424715,0.571399
act_greater_than_mean,patient,3800,0.536457,0.483787,175,0.463315,0.609599
act_greater_than_mean,patient,3850,0.555886,0.486084,175,0.482397,0.629375
act_greater_than_mean,patient,3900,0.553829,0.486723,175,0.480243,0.627414
act_greater_than_mean,patient,3950,0.569257,0.485674,175,0.495830,0.642684
act_greater_than_mean,patient,4000,0.542514,0.492181,175,0.468104,0.616925
act_greater_than_mean,patient,4050,0.513829,0.489511,175,0.439821,0.587836
act_greater_than_mean,patient,4100,0.501371,0.488731,175,0.427482,0.575261
act_greater_than_mean,patient,4150,0.505486,0.488029,175,0.431703,0.579269
act_greater_than_mean,patient,4200,0.493257,0.483339,175,0.420183,0.566331
act_greater_than_mean,patient,4250,0.488114,0.481578,175,0.415306,0.560922
act_greater_than_mean,patient,4300,0.517600,0.488828,175,0.443696,0.591504
act_greater_than_mean,patient,4350,0.550286,0.492523,175,0.475823,0.624748
act_greater_than_mean,patient,4400,0.567086,0.479243,175,0.494631,0.639540
act_greater_than_mean,patient,4450,0.559429,0.489167,175,0.485473,0.633384
act_greater_than_mean,patient,4500,0.549714,0.485949,175,0.476246,0.623183
act_greater_than_mean,patient,4550,0.579543,0.487470,175,0.505844,0.653241
act_greater_than_mean,patient,4600,0.542743,0.484288,175,0.469525,0.615960
act_greater_than_mean,patient,4650,0.520800,0.485488,175,0.447401,0.594199
act_greater_than_mean,patient,4700,0.521600,0.492399,175,0.447156,0.596044
act_greater_than_mean,patient,4750,0.543657,0.492225,175,0.469240,0.618075
act_greater_than_mean,patient,4800,0.538057,0.492125,175,0.463655,0.612459
act_greater_than_mean,patient,4850,0.532571,0.489200,175,0.458611,0.606532
act_greater_than_mean,patient,4900,0.518514,0.488248,175,0.444698,0.592330
act_greater_than_mean,patient,4950,0.507314,0.481016,175,0.434592,0.580037
act_less_than_mean,agent,0,0.393222,0.477060,239,0.331505,0.454939
act_less_than_mean,agent,50,0.377238,0.475897,239,0.315672,0.438805
act_less_than_mean,agent,100,0.379247,0.479041,239,0.317274,0.441220
act_less_than_mean,agent,150,0.403933,0.466829,239,0.343540,0.464326
act_less_than_mean,agent,200,0.459498,0.453520,239,0.400826,0.518169
act_less_than_mean,agent,250,0.462510,0.482463,239,0.400095,0.524926
act_less_than_mean,agent,300,0.493975,0.481682,239,0.431660,0.556290
act_less_than_mean,agent,350,0.514059,0.481276,239,0.451796,0.576321
act_less_than_mean,agent,400,0.539414,0.481644,239,0.477104,0.601724
act_less_than_mean,agent,450,0.558577,0.484370,239,0.495915,0.621240
act_less_than_mean,agent,500,0.549874,0.486893,239,0.486885,0.612863
act_less_than_mean,agent,550,0.555481,0.484794,239,0.492764,0.618199
act_less_than_mean,agent,600,0.570962,0.483466,239,0.508417,0.633508
act_less_than_mean,agent,650,0.617155,0.471228,239,0.556192,0.678117
act_less_than_mean,agent,700,0.619414,0.475686,239,0.557875,0.680953
act_less_than_mean,agent,750,0.642510,0.465734,239,0.582259,0.702762
act_less_than_mean,agent,800,0.640084,0.473643,239,0.578809,0.701359
act_less_than_mean,agent,850,0.635565,0.461629,239,0.575844,0.695285
act_less_than_mean,agent,900,0.617824,0.468796,239,0.557176,0.678472
act_less_than_mean,agent,950,0.604184,0.471075,239,0.543241,0.665127
act_less_than_mean,agent,1000,0.581004,0.480786,239,0.518805,0.643203
act_less_than_mean,agent,1050,0.589456,0.475797,239,0.527903,0.651010
act_less_than_mean,agent,1100,0.610042,0.477141,239,0.548314,0.671769
act_less_than_mean,agent,1150,0.623264,0.470502,239,0.562395,0.684132
act_less_than_mean,agent,1200,0.600586,0.468738,239,0.539945,0.661226
act_less_than_mean,agent,1250,0.583598,0.475884,239,0.522034,0.645163
act_less_than_mean,agent,1300,0.565272,0.489717,239,0.501918,0.628626
act_less_than_mean,agent,1350,0.571213,0.477762,239,0.509406,0.633021
act_less_than_mean,agent,1400,0.569707,0.483561,239,0.507149,0.632265
act_less_than_mean,agent,1450,0.558661,0.481937,239,0.496313,0.621009
act_less_than_mean,agent,1500,0.559079,0.482923,239,0.496604,0.621555
act_less_than_mean,agent,1550,0.558661,0.488470,239,0.495468,0.621854
act_less_than_mean,agent,1600,0.524100,0.487692,239,0.461008,0.587193
act_less_than_mean,agent,1650,0.490962,0.483883,239,0.428363,0.553562
act_less_than_mean,agent,1700,0.465690,0.489614,239,0.402349,0.529031
act_less_than_mean,agent,1750,0.449205,0.483724,239,0.386626,0.511784
act_less_than_mean,agent,1800,0.456736,0.488707,239,0.393513,0.519960
act_less_than_mean,agent,1850,0.452887,0.486529,239,0.389945,0.515829
act_less_than_mean,agent,1900,0.458326,0.487546,239,0.395253,0.521400
act_less_than_mean,agent,1950,0.450962,0.479189,239,0.388970,0.512955
act_less_than_mean,agent,2000,0.431715,0.485688,239,0.368882,0.494549
act_less_than_mean,agent,2050,0.403515,0.476233,239,0.341905,0.465125
act_less_than_mean,agent,2100,0.387364,0.478270,239,0.325491,0.449237
act_less_than_mean,agent,2150,0.380921,0.473220,239,0.319700,0.442141
act_less_than_mean,agent,2200,0.390795,0.470397,239,0.329940,0.451650
act_less_than_mean,agent,2250,0.364519,0.476475,239,0.302878,0.426160
act_less_than_mean,agent,2300,0.356318,0.473538,239,0.295057,0.417579
act_less_than_mean,agent,2350,0.352971,0.462748,239,0.293105,0.412836
act_less_than_mean,agent,2400,0.348285,0.467034,239,0.287865,0.408704
act_less_than_mean,agent,2450,0.330377,0.459725,239,0.270902,0.389851
act_less_than_mean,agent,2500,0.305021,0.450510,239,0.246739,0.363303
act_less_than_mean,agent,2550,0.281757,0.436112,239,0.225338,0.338177
act_less_than_mean,agent,2600,0.270544,0.430531,239,0.214846,0.326241
act_less_than_mean,agent,2650,0.257573,0.425181,239,0.202568,0.312579
act_less_than_mean,agent,2700,0.254644,0.426750,239,0.199436,0.309853
act_less_than_mean,agent,2750,0.241674,0.423083,239,0.186940,0.296408
act_less_than_mean,agent,2800,0.242092,0.418453,239,0.187957,0.296227
act_less_than_mean,agent,2850,0.243431,0.414096,239,0.189860,0.297002
act_less_than_mean,agent,2900,0.240921,0.420321,239,0.186544,0.295297
act_less_than_mean,agent,2950,0.231715,0.413251,239,0.178254,0.285177
act_less_than_mean,agent,3000,0.227782,0.410396,239,0.174690,0.280875
act_less_than_mean,agent,3050,0.227029,0.402948,239,0.174900,0.279158
act_less_than_mean,agent,3100,0.252971,0.426426,239,0.197804,0.308137
act_less_than_mean,agent,3150,0.266778,0.433926,239,0.210642,0.322915
act_less_than_mean,agent,3200,0.254812,0.427150,239,0.199552,0.310072
act_less_than_mean,agent,3250,0.276569,0.433462,239,0.220492,0.332646
act_less_than_mean,agent,3300,0.286360,0.442392,239,0.229128,0.343592
act_less_than_mean,agent,3350,0.304937,0.453595,239,0.246256,0.363619
act_less_than_mean,agent,3400,0.323849,0.461057,239,0.264203,0.383496
act_less_than_mean,patient,0,0.421841,0.481283,239,0.359578,0.484104
act_less_than_mean,patient,50,0.434059,0.486203,239,0.371159,0.496958
act_less_than_mean,patient,100,0.428870,0.487785,239,0.365766,0.491975
act_less_than_mean,patient,150,0.430042,0.475864,239,0.368480,0.491604
act_less_than_mean,patient,200,0.433138,0.452496,239,0.374599,0.491677
act_less_than_mean,patient,250,0.473138,0.485009,239,0.410393,0.535883
act_less_than_mean,patient,300,0.455816,0.481443,239,0.393532,0.518100
act_less_than_mean,patient,350,0.442678,0.479029,239,0.380706,0.504649
act_less_than_mean,patient,400,0.417071,0.475723,239,0.355527,0.478615
act_less_than_mean,patient,450,0.390879,0.474165,239,0.329536,0.452221
act_less_than_mean,patient,500,0.389038,0.478396,239,0.327148,0.450927
act_less_than_mean,patient,550,0.371632,0.467664,239,0.311130,0.432133
act_less_than_mean,patient,600,0.350795,0.466464,239,0.290449,0.411141
act_less_than_mean,patient,650,0.316653,0.449102,239,0.258553,0.374753
act_less_than_mean,patient,700,0.315230,0.455896,239,0.256251,0.374209
act_less_than_mean,patient,750,0.297238,0.441964,239,0.240062,0.354415
act_less_than_mean,patient,800,0.283096,0.444097,239,0.225644,0.340549
act_less_than_mean,patient,850,0.264100,0.427144,239,0.208841,0.319360
act_less_than_mean,patient,900,0.254310,0.419260,239,0.200070,0.308549
act_less_than_mean,patient,950,0.249791,0.420055,239,0.195449,0.304133
act_less_than_mean,patient,1000,0.270377,0.436525,239,0.213904,0.326849
act_less_than_mean,patient,1050,0.284937,0.438535,239,0.228204,0.341670
act_less_than_mean,patient,1100,0.271297,0.434420,239,0.215097,0.327498
act_less_than_mean,patient,1150,0.262678,0.429414,239,0.207125,0.318231
act_less_than_mean,patient,1200,0.277657,0.429369,239,0.222110,0.333204
act_less_than_mean,patient,1250,0.298326,0.441884,239,0.241160,0.355492
act_less_than_mean,patient,1300,0.315481,0.459323,239,0.256059,0.374903
act_less_than_mean,patient,1350,0.317406,0.454318,239,0.258631,0.376181
act_less_than_mean,patient,1400,0.306444,0.451675,239,0.248011,0.364876
act_less_than_mean,patient,1450,0.319079,0.450543,239,0.260793,0.377366
act_less_than_mean,patient,1500,0.326276,0.456791,239,0.267181,0.385371
act_less_than_mean,patient,1550,0.324184,0.458048,239,0.264927,0.383441
act_less_than_mean,patient,1600,0.353222,0.459374,239,0.293793,0.412651
act_less_than_mean,patient,1650,0.371967,0.470954,239,0.311040,0.432893
act_less_than_mean,patient,1700,0.385021,0.473728,239,0.323735,0.446307
act_less_than_mean,patient,1750,0.383682,0.473066,239,0.322482,0.444882
act_less_than_mean,patient,1800,0.370795,0.467529,239,0.310311,0.431279
act_less_than_mean,patient,1850,0.366778,0.475917,239,0.305209,0.428347
act_less_than_mean,patient,1900,0.380000,0.474822,239,0.318573,0.441427
act_less_than_mean,patient,1950,0.411715,0.471422,239,0.350728,0.472703
act_less_than_mean,patient,2000,0.417155,0.478989,239,0.355188,0.479121
act_less_than_mean,patient,2050,0.425356,0.483608,239,0.362792,0.487920
act_less_than_mean,patient,2100,0.432469,0.483259,239,0.369950,0.494988
act_less_than_mean,patient,2150,0.448703,0.482718,239,0.386254,0.511152
act_less_than_mean,patient,2200,0.451046,0.472574,239,0.389909,0.512183
act_less_than_mean,patient,2250,0.462092,0.490056,239,0.398694,0.525490
act_less_than_mean,patient,2300,0.454477,0.484856,239,0.391752,0.517202
act_less_than_mean,patient,2350,0.458577,0.474573,239,0.397182,0.519973
act_less_than_mean,patient,2400,0.443264,0.488690,239,0.380042,0.506485
act_less_than_mean,patient,2450,0.448954,0.487896,239,0.385835,0.512073
act_less_than_mean,patient,2500,0.477741,0.487204,239,0.414711,0.540770
act_less_than_mean,patient,2550,0.494812,0.487828,239,0.431702,0.557922
act_less_than_mean,patient,2600,0.513640,0.483290,239,0.451117,0.576163
act_less_than_mean,patient,2650,0.506695,0.485430,239,0.443895,0.569494
act_less_than_mean,patient,2700,0.494728,0.487464,239,0.431665,0.557791
act_less_than_mean,patient,2750,0.500251,0.483501,239,0.437701,0.562801
act_less_than_mean,patient,2800,0.487364,0.488447,239,0.424174,0.550554
act_less_than_mean,patient,2850,0.478159,0.480171,239,0.416040,0.540278
act_less_than_mean,patient,2900,0.515983,0.488583,239,0.452776,0.579191
act_less_than_mean,patient,2950,0.540000,0.483113,239,0.477500,0.602500
act_less_than_mean,patient,3000,0.554226,0.482520,239,0.491803,0.616649
act_less_than_mean,patient,3050,0.552050,0.479606,239,0.490004,0.614097
act_less_than_mean,patient,3100,0.548619,0.483789,239,0.486032,0.611207
act_less_than_mean,patient,3150,0.543431,0.486787,239,0.480456,0.606406
act_less_than_mean,patient,3200,0.532301,0.489573,239,0.468966,0.595637
act_less_than_mean,patient,3250,0.514644,0.485817,239,0.451795,0.577494
act_less_than_mean,patient,3300,0.513389,0.488092,239,0.450245,0.576533
act_less_than_mean,patient,3350,0.496318,0.491863,239,0.432686,0.559950
act_less_than_mean,patient,3400,0.490879,0.492446,239,0.427171,0.554586
pass_all,agent,0,0.420238,0.482841,168,0.345734,0.494742
pass_all,agent,50,0.443333,0.487740,168,0.368073,0.518593
pass_all,agent,100,0.479643,0.497387,168,0.402894,0.556391
pass_all,agent,150,0.466548,0.469860,168,0.394047,0.539049
pass_all,agent,200,0.459643,0.454378,168,0.389531,0.529755
pass_all,agent,250,0.450119,0.473059,168,0.377125,0.523114
pass_all,agent,300,0.447976,0.487654,168,0.372730,0.523223
pass_all,agent,350,0.450476,0.479321,168,0.376515,0.524437
pass_all,agent,400,0.456429,0.480829,168,0.382235,0.530622
pass_all,agent,450,0.469405,0.486936,168,0.394269,0.544541
pass_all,agent,500,0.508214,0.490779,168,0.432485,0.583943
pass_all,agent,550,0.533929,0.484261,168,0.459205,0.608652
pass_all,agent,600,0.537024,0.489402,168,0.461507,0.612540
pass_all,agent,650,0.566310,0.485232,168,0.491437,0.641182
pass_all,agent,700,0.609762,0.471146,168,0.537063,0.682461
pass_all,agent,750,0.640952,0.460075,168,0.569961,0.711943
pass_all,agent,800,0.653810,0.460315,168,0.582781,0.724838
pass_all,agent,850,0.642024,0.469535,168,0.569573,0.714475
pass_all,agent,900,0.639524,0.466963,168,0.567470,0.711578
pass_all,agent,950,0.667262,0.458769,168,0.596472,0.738052
pass_all,agent,1000,0.666071,0.458698,168,0.595293,0.736850
pass_all,agent,1050,0.649881,0.463592,168,0.578347,0.721415
pass_all,agent,1100,0.642857,0.469222,168,0.570455,0.715260
pass_all,agent,1150,0.618929,0.467385,168,0.546809,0.691048
pass_all,agent,1200,0.589881,0.479925,168,0.515827,0.663935
pass_all,agent,1250,0.578095,0.479257,168,0.504144,0.652046
pass_all,agent,1300,0.574524,0.483875,168,0.499860,0.649187
pass_all,agent,1350,0.556905,0.485340,168,0.482015,0.631794
pass_all,agent,1400,0.527381,0.486451,168,0.452320,0.602442
pass_all,agent,1450,0.487619,0.490542,168,0.411927,0.563311
pass_all,agent,1500,0.447143,0.486770,168,0.372033,0.522253
pass_all,agent,1550,0.431667,0.489474,168,0.356139,0.507194
pass_all,agent,1600,0.414048,0.481463,168,0.339756,0.488339
pass_all,agent,1650,0.387857,0.472086,168,0.315013,0.460702
pass_all,agent,1700,0.397619,0.473235,168,0.324597,0.470641
pass_all,agent,1750,0.390833,0.472135,168,0.317981,0.463685
pass_all,agent,1800,0.409643,0.483797,168,0.334991,0.484294
pass_all,agent,1850,0.407500,0.483072,168,0.332960,0.482040
pass_all,agent,1900,0.402619,0.483617,168,0.327995,0.477243
pass_all,agent,1950,0.389762,0.472972,168,0.316781,0.462743
pass_all,agent,2000,0.396190,0.470474,168,0.323595,0.468786
pass_all,agent,2050,0.391667,0.477089,168,0.318050,0.465283
pass_all,agent,2100,0.380119,0.471839,168,0.307313,0.452925
pass_all,agent,2150,0.376667,0.475088,168,0.303359,0.449974
pass_all,agent,2200,0.379167,0.474203,168,0.305996,0.452338
pass_all,agent,2250,0.394762,0.481655,168,0.320441,0.469083
pass_all,agent,2300,0.417976,0.485308,168,0.343092,0.492861
pass_all,agent,2350,0.430000,0.487398,168,0.354793,0.505207
pass_all,agent,2400,0.448810,0.489118,168,0.373337,0.524282
pass_all,agent,2450,0.465119,0.489785,168,0.389544,0.540695
pass_all,agent,2500,0.474405,0.482245,168,0.399993,0.548817
pass_all,agent,2550,0.463810,0.490943,168,0.388055,0.539564
pass_all,agent,2600,0.442024,0.486801,168,0.366909,0.517139
pass_all,agent,2650,0.438452,0.485626,168,0.363519,0.513386
pass_all,agent,2700,0.402262,0.482932,168,0.327744,0.476780
pass_all,agent,2750,0.403690,0.487716,168,0.328434,0.478947
pass_all,agent,2800,0.398810,0.482338,168,0.324383,0.473236
pass_all,agent,2850,0.397738,0.471966,168,0.324912,0.470564
pass_all,agent,2900,0.408929,0.480742,168,0.334749,0.483109
pass_all,agent,2950,0.419524,0.483624,168,0.344899,0.494149
pass_all,agent,3000,0.407619,0.475764,168,0.334207,0.481031
pass_all,agent,3050,0.361667,0.472498,168,0.288759,0.434575
pass_all,agent,3100,0.333095,0.459341,168,0.262217,0.403973
pass_all,agent,3150,0.347857,0.467225,168,0.275763,0.419952
pass_all,agent,3200,0.371071,0.468422,168,0.298792,0.443351
pass_all,agent,3250,0.389286,0.472404,168,0.316392,0.462179
pass_all,agent,3300,0.411310,0.481339,168,0.337037,0.485582
pass_all,agent,3350,0.407143,0.480879,168,0.332942,0.481344
pass_all,agent,3400,0.423593,0.477682,167,0.349665,0.497521
pass_all,agent,3450,0.428982,0.488744,167,0.353342,0.504622
pass_all,agent,3500,0.437126,0.483313,167,0.362326,0.511926
pass_all,agent,3550,0.452814,0.488850,167,0.377158,0.528471
pass_all,agent,3600,0.474970,0.489552,167,0.399205,0.550735
pass_all,agent,3650,0.482275,0.495140,167,0.405645,0.558906
pass_all,agent,3700,0.485868,0.492827,167,0.409596,0.562140
pass_all,agent,3750,0.476647,0.489094,167,0.400952,0.552341
pass_all,agent,3800,0.465150,0.488474,167,0.389551,0.540748
pass_all,agent,3850,0.455210,0.489249,167,0.379491,0.530928
pass_all,patient,0,0.433690,0.484367,168,0.358951,0.508430
pass_all,patient,50,0.407738,0.479171,168,0.333800,0.481676
pass_all,patient,100,0.389048,0.482507,168,0.314595,0.463500
pass_all,patient,150,0.421190,0.461015,168,0.350054,0.492327
pass_all,patient,200,0.461190,0.455764,168,0.390865,0.531516
pass_all,patient,250,0.501429,0.478944,168,0.427526,0.575331
pass_all,patient,300,0.516786,0.486642,168,0.441695,0.591876
pass_all,patient,350,0.505952,0.481189,168,0.431703,0.580201
pass_all,patient,400,0.502143,0.484569,168,0.427372,0.576914
pass_all,patient,450,0.477500,0.485424,168,0.402597,0.552403
pass_all,patient,500,0.456190,0.488983,168,0.380739,0.531642
pass_all,patient,550,0.426548,0.478313,168,0.352742,0.500353
pass_all,patient,600,0.421071,0.485183,168,0.346206,0.495937
pass_all,patient,650,0.377619,0.472445,168,0.304719,0.450519
pass_all,patient,700,0.328929,0.455138,168,0.258699,0.399158
pass_all,patient,750,0.303690,0.440618,168,0.235702,0.371679
pass_all,patient,800,0.280238,0.437527,168,0.212726,0.347750
pass_all,patient,850,0.271667,0.436729,168,0.204278,0.339055
pass_all,patient,900,0.261905,0.426826,168,0.196044,0.327766
pass_all,patient,950,0.234405,0.416774,168,0.170095,0.298714
pass_all,patient,1000,0.234524,0.403011,168,0.172338,0.296710
pass_all,patient,1050,0.253214,0.421902,168,0.188113,0.318315
pass_all,patient,1100,0.261071,0.433177,168,0.194231,0.327912
pass_all,patient,1150,0.289762,0.432871,168,0.222968,0.356555
pass_all,patient,1200,0.333333,0.458640,168,0.262564,0.404103
pass_all,patient,1250,0.357381,0.468457,168,0.285096,0.429665
pass_all,patient,1300,0.361071,0.469553,168,0.288618,0.433525
pass_all,patient,1350,0.383929,0.476415,168,0.310416,0.457441
pass_all,patient,1400,0.394286,0.477920,168,0.320541,0.468030
pass_all,patient,1450,0.402024,0.475969,168,0.328580,0.475467
pass_all,patient,1500,0.429048,0.483504,168,0.354441,0.503654
pass_all,patient,1550,0.433810,0.483718,168,0.359170,0.508449
pass_all,patient,1600,0.429167,0.479765,168,0.355137,0.503196
pass_all,patient,1650,0.439881,0.482744,168,0.365392,0.514370
pass_all,patient,1700,0.464762,0.484506,168,0.390001,0.539523
pass_all,patient,1750,0.495714,0.485005,168,0.420876,0.570552
pass_all,patient,1800,0.488095,0.490651,168,0.412386,0.563804
pass_all,patient,1850,0.476310,0.492442,168,0.400324,0.552295
pass_all,patient,1900,0.473452,0.490677,168,0.397739,0.549166
pass_all,patient,1950,0.476310,0.484928,168,0.401484,0.551136
pass_all,patient,2000,0.455714,0.477695,168,0.382004,0.529424
pass_all,patient,2050,0.464405,0.486766,168,0.389295,0.539514
pass_all,patient,2100,0.459643,0.480651,168,0.385477,0.533809
pass_all,patient,2150,0.442024,0.485866,168,0.367053,0.516994
pass_all,patient,2200,0.439048,0.479700,168,0.365028,0.513067
pass_all,patient,2250,0.432857,0.484210,168,0.358142,0.507572
pass_all,patient,2300,0.430476,0.485088,168,0.355626,0.505327
pass_all,patient,2350,0.428810,0.482199,168,0.354405,0.503214
pass_all,patient,2400,0.415833,0.480553,168,0.341682,0.489984
pass_all,patient,2450,0.424762,0.488597,168,0.349370,0.500154
pass_all,patient,2500,0.426548,0.483577,168,0.351930,0.501165
pass_all,patient,2550,0.418571,0.483226,168,0.344008,0.493135
pass_all,patient,2600,0.405952,0.485357,168,0.331060,0.480845
pass_all,patient,2650,0.399048,0.482200,168,0.324643,0.473453
pass_all,patient,2700,0.445714,0.490392,168,0.370045,0.521383
pass_all,patient,2750,0.443810,0.491353,168,0.367992,0.519627
pass_all,patient,2800,0.457024,0.492038,168,0.381101,0.532947
pass_all,patient,2850,0.456667,0.481801,168,0.382323,0.531010
pass_all,patient,2900,0.460119,0.488343,168,0.384766,0.535472
pass_all,patient,2950,0.456548,0.487098,168,0.381387,0.531709
pass_all,patient,3000,0.463571,0.488735,168,0.388158,0.538985
pass_all,patient,3050,0.476310,0.491288,168,0.400502,0.552117
pass_all,patient,3100,0.462738,0.488252,168,0.387399,0.538077
pass_all,patient,3150,0.422857,0.482912,168,0.348342,0.497372
pass_all,patient,3200,0.402857,0.482053,168,0.328475,0.477240
pass_all,patient,3250,0.403571,0.478507,168,0.329736,0.477407
pass_all,patient,3300,0.393810,0.480075,168,0.319732,0.467887
pass_all,patient,3350,0.371905,0.472543,168,0.298990,0.444820
pass_all,patient,3400,0.368263,0.463534,167,0.296525,0.440002
pass_all,patient,3450,0.368263,0.473822,167,0.294933,0.441594
pass_all,patient,3500,0.353413,0.465672,167,0.281344,0.425483
pass_all,patient,3550,0.368862,0.471709,167,0.295858,0.441866
pass_all,patient,3600,0.348623,0.462411,167,0.277058,0.420188
pass_all,patient,3650,0.339162,0.465371,167,0.267139,0.411185
pass_all,patient,3700,0.336048,0.469074,167,0.263452,0.408644
pass_all,patient,3750,0.336527,0.455256,167,0.266069,0.406984
pass_all,patient,3800,0.360958,0.471439,167,0.287996,0.433920
pass_all,patient,3850,0.386467,0.475168,167,0.312928,0.460006
pass_greater_than_mean,agent,0,0.392571,0.479470,70,0.277956,0.507187
pass_greater_than_mean,agent,50,0.438857,0.485761,70,0.322738,0.554976
pass_greater_than_mean,agent,100,0.488571,0.498375,70,0.369437,0.607706
pass_greater_than_mean,agent,150,0.459143,0.461245,70,0.348884,0.569402
pass_greater_than_mean,agent,200,0.477429,0.479685,70,0.362762,0.592095
pass_greater_than_mean,agent,250,0.492571,0.476073,70,0.378768,0.606375
pass_greater_than_mean,agent,300,0.505143,0.487022,70,0.388722,0.621563
pass_greater_than_mean,agent,350,0.486571,0.485090,70,0.370613,0.602530
pass_greater_than_mean,agent,400,0.476286,0.484655,70,0.360431,0.592140
pass_greater_than_mean,agent,450,0.490000,0.493855,70,0.371946,0.608054
pass_greater_than_mean,agent,500,0.506000,0.493850,70,0.387947,0.624053
pass_greater_than_mean,agent,550,0.496000,0.490945,70,0.378642,0.613358
pass_greater_than_mean,agent,600,0.520571,0.484280,70,0.404806,0.636337
pass_greater_than_mean,agent,650,0.539429,0.484328,70,0.423652,0.655205
pass_greater_than_mean,agent,700,0.565143,0.469198,70,0.452983,0.677303
pass_greater_than_mean,agent,750,0.593143,0.482360,70,0.477837,0.708449
pass_greater_than_mean,agent,800,0.575143,0.476101,70,0.461333,0.688953
pass_greater_than_mean,agent,850,0.563143,0.487783,70,0.446540,0.679745
pass_greater_than_mean,agent,900,0.581429,0.487303,70,0.464941,0.697916
pass_greater_than_mean,agent,950,0.629143,0.475348,70,0.515513,0.742773
pass_greater_than_mean,agent,1000,0.662286,0.465189,70,0.551084,0.773487
pass_greater_than_mean,agent,1050,0.691143,0.445989,70,0.584531,0.797755
pass_greater_than_mean,agent,1100,0.708571,0.444908,70,0.602218,0.814925
pass_greater_than_mean,agent,1150,0.669143,0.448801,70,0.561859,0.776427
pass_greater_than_mean,agent,1200,0.644000,0.471268,70,0.531345,0.756655
pass_greater_than_mean,agent,1250,0.628857,0.474884,70,0.515338,0.742376
pass_greater_than_mean,agent,1300,0.632857,0.475547,70,0.519180,0.746535
pass_greater_than_mean,agent,1350,0.618000,0.473300,70,0.504860,0.731140
pass_greater_than_mean,agent,1400,0.567714,0.473755,70,0.454465,0.680963
pass_greater_than_mean,agent,1450,0.523143,0.492372,70,0.405443,0.640842
pass_greater_than_mean,agent,1500,0.484000,0.482849,70,0.368577,0.599423
pass_greater_than_mean,agent,1550,0.469143,0.491230,70,0.351717,0.586569
pass_greater_than_mean,agent,1600,0.447429,0.483420,70,0.331869,0.562988
pass_greater_than_mean,agent,1650,0.420286,0.486102,70,0.304085,0.536486
pass_greater_than_mean,agent,1700,0.446286,0.482932,70,0.330843,0.561729
pass_greater_than_mean,agent,1750,0.454571,0.482793,70,0.339162,0.569981
pass_greater_than_mean,agent,1800,0.462000,0.495804,70,0.343480,0.580520
pass_greater_than_mean,agent,1850,0.442857,0.500310,70,0.323260,0.562454
pass_greater_than_mean,agent,1900,0.431714,0.493652,70,0.313709,0.549720
pass_greater_than_mean,agent,1950,0.420857,0.486459,70,0.304571,0.537143
pass_greater_than_mean,agent,2000,0.401714,0.480347,70,0.286889,0.516539
pass_greater_than_mean,agent,2050,0.392857,0.472269,70,0.279963,0.505751
pass_greater_than_mean,agent,2100,0.364000,0.478035,70,0.249728,0.478272
pass_greater_than_mean,agent,2150,0.371429,0.479028,70,0.256919,0.485938
pass_greater_than_mean,agent,2200,0.395143,0.478639,70,0.280726,0.509559
pass_greater_than_mean,agent,2250,0.422286,0.488114,70,0.305604,0.538967
pass_greater_than_mean,agent,2300,0.446857,0.492964,70,0.329016,0.564698
pass_greater_than_mean,agent,2350,0.472286,0.489144,70,0.355358,0.589213
pass_greater_than_mean,agent,2400,0.502571,0.492223,70,0.384908,0.620235
pass_greater_than_mean,agent,2450,0.550857,0.497422,70,0.431951,0.669764
pass_greater_than_mean,agent,2500,0.552571,0.479446,70,0.437962,0.667181
pass_greater_than_mean,agent,2550,0.537143,0.486005,70,0.420966,0.653320
pass_greater_than_mean,agent,2600,0.550000,0.496244,70,0.431375,0.668625
pass_greater_than_mean,agent,2650,0.527143,0.490135,70,0.409978,0.644308
pass_greater_than_mean,agent,2700,0.514000,0.494390,70,0.395818,0.632182
pass_greater_than_mean,agent,2750,0.509714,0.497061,70,0.390894,0.628535
pass_greater_than_mean,agent,2800,0.527714,0.492827,70,0.409906,0.645523
pass_greater_than_mean,agent,2850,0.537143,0.483037,70,0.421675,0.652611
pass_greater_than_mean,agent,2900,0.508000,0.484142,70,0.392268,0.623732
pass_greater_than_mean,agent,2950,0.500000,0.492494,70,0.382271,0.617729
pass_greater_than_mean,agent,3000,0.486571,0.490332,70,0.369360,0.603783
pass_greater_than_mean,agent,3050,0.431714,0.487983,70,0.315064,0.548365
pass_greater_than_mean,agent,3100,0.434857,0.481877,70,0.319667,0.550048
pass_greater_than_mean,agent,3150,0.467429,0.487670,70,0.350853,0.584004
pass_greater_than_mean,agent,3200,0.480571,0.495182,70,0.362200,0.598943
pass_greater_than_mean,agent,3250,0.493143,0.488498,70,0.376369,0.609916
pass_greater_than_mean,agent,3300,0.486000,0.492475,70,0.368276,0.603724
pass_greater_than_mean,agent,3350,0.471714,0.487401,70,0.355203,0.588225
pass_greater_than_mean,agent,3400,0.483143,0.483605,70,0.367539,0.598747
pass_greater_than_mean,agent,3450,0.507143,0.487098,70,0.390704,0.623581
pass_greater_than_mean,agent,3500,0.484857,0.483843,70,0.369197,0.600518
pass_greater_than_mean,agent,3550,0.490857,0.483738,70,0.375222,0.606493
pass_greater_than_mean,agent,3600,0.536286,0.479508,70,0.421661,0.650910
pass_greater_than_mean,agent,3650,0.571143,0.488080,70,0.454469,0.687816
pass_greater_than_mean,agent,3700,0.604857,0.483771,70,0.489214,0.720500
pass_greater_than_mean,agent,3750,0.605714,0.480774,70,0.490787,0.720641
pass_greater_than_mean,agent,3800,0.614857,0.480600,70,0.499972,0.729742
pass_greater_than_mean,agent,3850,0.587714,0.483541,70,0.472126,0.703303
pass_greater_than_mean,agent,3900,0.548286,0.490259,70,0.431091,0.665480
pass_greater_than_mean,agent,3950,0.537429,0.495895,70,0.418887,0.655970
pass_greater_than_mean,agent,4000,0.551143,0.493584,70,0.433154,0.669132
pass_greater_than_mean,agent,4050,0.588286,0.486663,70,0.471951,0.704620
pass_greater_than_mean,agent,4100,0.573714,0.486818,70,0.457343,0.690086
pass_greater_than_mean,agent,4150,0.537714,0.484179,70,0.421973,0.653455
pass_greater_than_mean,agent,4200,0.463714,0.492133,70,0.346072,0.581357
pass_greater_than_mean,agent,4250,0.440286,0.487900,70,0.323655,0.556916
pass_greater_than_mean,agent,4300,0.431714,0.478021,70,0.317445,0.545983
pass_greater_than_mean,agent,4350,0.435143,0.481488,70,0.320045,0.550241
pass_greater_than_mean,agent,4400,0.413429,0.481648,70,0.298293,0.528565
pass_greater_than_mean,agent,4450,0.391429,0.481695,70,0.276282,0.506576
pass_greater_than_mean,agent,4500,0.415143,0.485350,70,0.299122,0.531164
pass_greater_than_mean,agent,4550,0.436571,0.493423,70,0.318621,0.554522
pass_greater_than_mean,agent,4600,0.459429,0.484400,70,0.343635,0.575222
pass_greater_than_mean,agent,4650,0.486857,0.499053,70,0.367561,0.606154
pass_greater_than_mean,agent,4700,0.475714,0.487286,70,0.359231,0.592198
pass_greater_than_mean,agent,4750,0.465429,0.485618,70,0.349344,0.581514
pass_greater_than_mean,agent,4800,0.430286,0.495004,70,0.311957,0.548614
pass_greater_than_mean,patient,0,0.450000,0.482082,70,0.334760,0.565240
pass_greater_than_mean,patient,50,0.418857,0.482348,70,0.303554,0.534160
pass_greater_than_mean,patient,100,0.404286,0.484770,70,0.288404,0.520168
pass_greater_than_mean,patient,150,0.459143,0.452208,70,0.351044,0.567241
pass_greater_than_mean,patient,200,0.482571,0.482312,70,0.367277,0.597866
pass_greater_than_mean,patient,250,0.488571,0.474822,70,0.375067,0.602076
pass_greater_than_mean,patient,300,0.488857,0.482105,70,0.373612,0.604102
pass_greater_than_mean,patient,350,0.480571,0.481736,70,0.365415,0.595728
pass_greater_than_mean,patient,400,0.487143,0.485739,70,0.371029,0.603257
pass_greater_than_mean,patient,450,0.449143,0.484755,70,0.333264,0.565022
pass_greater_than_mean,patient,500,0.450286,0.490510,70,0.333031,0.567540
pass_greater_than_mean,patient,550,0.450571,0.486153,70,0.334359,0.566784
pass_greater_than_mean,patient,600,0.428286,0.484992,70,0.312350,0.544221
pass_greater_than_mean,patient,650,0.398857,0.478462,70,0.284483,0.513232
pass_greater_than_mean,patient,700,0.386857,0.467245,70,0.275164,0.498550
pass_greater_than_mean,patient,750,0.378286,0.475861,70,0.264533,0.492038
pass_greater_than_mean,patient,800,0.374571,0.466823,70,0.262979,0.486163
pass_greater_than_mean,patient,850,0.348571,0.469419,70,0.236359,0.460784
pass_greater_than_mean,patient,900,0.307429,0.451756,70,0.199438,0.415419
pass_greater_than_mean,patient,950,0.288286,0.445649,70,0.181755,0.394816
pass_greater_than_mean,patient,1000,0.257429,0.420640,70,0.156876,0.357981
pass_greater_than_mean,patient,1050,0.246000,0.417714,70,0.146147,0.345853
pass_greater_than_mean,patient,1100,0.217714,0.403959,70,0.121150,0.314279
pass_greater_than_mean,patient,1150,0.252857,0.416709,70,0.153245,0.352470
pass_greater_than_mean,patient,1200,0.279714,0.446623,70,0.172951,0.386478
pass_greater_than_mean,patient,1250,0.300286,0.451811,70,0.192282,0.408289
pass_greater_than_mean,patient,1300,0.303714,0.453448,70,0.195320,0.412109
pass_greater_than_mean,patient,1350,0.323429,0.459375,70,0.213617,0.433240
pass_greater_than_mean,patient,1400,0.335429,0.458860,70,0.225740,0.445117
pass_greater_than_mean,patient,1450,0.371429,0.472006,70,0.258598,0.484259
pass_greater_than_mean,patient,1500,0.436000,0.482032,70,0.320772,0.551228
pass_greater_than_mean,patient,1550,0.463143,0.492996,70,0.345294,0.580991
pass_greater_than_mean,patient,1600,0.455714,0.478390,70,0.341357,0.570071
pass_greater_than_mean,patient,1650,0.456286,0.492274,70,0.338610,0.573962
pass_greater_than_mean,patient,1700,0.497714,0.491818,70,0.380147,0.615281
pass_greater_than_mean,patient,1750,0.510000,0.481107,70,0.394993,0.625007
pass_greater_than_mean,patient,1800,0.509429,0.497189,70,0.390578,0.628279
pass_greater_than_mean,patient,1850,0.524000,0.499885,70,0.404505,0.643495
pass_greater_than_mean,patient,1900,0.494857,0.490840,70,0.377524,0.612190
pass_greater_than_mean,patient,1950,0.465429,0.490169,70,0.348256,0.582601
pass_greater_than_mean,patient,2000,0.460000,0.486371,70,0.343735,0.576265
pass_greater_than_mean,patient,2050,0.500571,0.485881,70,0.384424,0.616719
pass_greater_than_mean,patient,2100,0.502857,0.489321,70,0.385887,0.619827
pass_greater_than_mean,patient,2150,0.492857,0.493118,70,0.374979,0.610735
pass_greater_than_mean,patient,2200,0.519143,0.481031,70,0.404155,0.634131
pass_greater_than_mean,patient,2250,0.498286,0.489362,70,0.381306,0.615266
pass_greater_than_mean,patient,2300,0.477143,0.494553,70,0.358922,0.595364
pass_greater_than_mean,patient,2350,0.472857,0.490265,70,0.355661,0.590053
pass_greater_than_mean,patient,2400,0.420571,0.481796,70,0.305400,0.535743
pass_greater_than_mean,patient,2450,0.400000,0.493435,70,0.282046,0.517954
pass_greater_than_mean,patient,2500,0.393429,0.476810,70,0.279449,0.507408
pass_greater_than_mean,patient,2550,0.386571,0.475824,70,0.272828,0.500315
pass_greater_than_mean,patient,2600,0.350000,0.475361,70,0.236367,0.463633
pass_greater_than_mean,patient,2650,0.367143,0.478270,70,0.252814,0.481471
pass_greater_than_mean,patient,2700,0.407429,0.489722,70,0.290363,0.524495
pass_greater_than_mean,patient,2750,0.418000,0.489947,70,0.300880,0.535120
pass_greater_than_mean,patient,2800,0.404857,0.489370,70,0.287875,0.521839
pass_greater_than_mean,patient,2850,0.386857,0.474288,70,0.273481,0.500234
pass_greater_than_mean,patient,2900,0.414857,0.481925,70,0.299655,0.530059
pass_greater_than_mean,patient,2950,0.429143,0.486724,70,0.312793,0.545492
pass_greater_than_mean,patient,3000,0.438857,0.495743,70,0.320352,0.557362
pass_greater_than_mean,patient,3050,0.448286,0.484932,70,0.332365,0.564207
pass_greater_than_mean,patient,3100,0.428571,0.491275,70,0.311134,0.546009
pass_greater_than_mean,patient,3150,0.409714,0.481576,70,0.294596,0.524833
pass_greater_than_mean,patient,3200,0.395714,0.482420,70,0.280394,0.511035
pass_greater_than_mean,patient,3250,0.382286,0.481538,70,0.267176,0.497395
pass_greater_than_mean,patient,3300,0.367714,0.477218,70,0.253637,0.481791
pass_greater_than_mean,patient,3350,0.335429,0.463661,70,0.224592,0.446265
pass_greater_than_mean,patient,3400,0.322286,0.443576,70,0.216251,0.428321
pass_greater_than_mean,patient,3450,0.313429,0.448233,70,0.206280,0.420577
pass_greater_than_mean,patient,3500,0.324000,0.453695,70,0.215546,0.432454
pass_greater_than_mean,patient,3550,0.325143,0.456511,70,0.216016,0.434270
pass_greater_than_mean,patient,3600,0.268857,0.421971,70,0.167987,0.369728
pass_greater_than_mean,patient,3650,0.256000,0.429149,70,0.153414,0.358586
pass_greater_than_mean,patient,3700,0.273143,0.445485,70,0.166652,0.379634
pass_greater_than_mean,patient,3750,0.270571,0.439271,70,0.165566,0.375577
pass_greater_than_mean,patient,3800,0.265429,0.437939,70,0.160741,0.370116
pass_greater_than_mean,patient,3850,0.300000,0.456146,70,0.190960,0.409040
pass_greater_than_mean,patient,3900,0.306857,0.459500,70,0.197016,0.416699
pass_greater_than_mean,patient,3950,0.309714,0.451108,70,0.201879,0.417550
pass_greater_than_mean,patient,4000,0.329714,0.461651,70,0.219359,0.440070
pass_greater_than_mean,patient,4050,0.321714,0.459877,70,0.211783,0.431646
pass_greater_than_mean,patient,4100,0.317714,0.448916,70,0.210403,0.425026
pass_greater_than_mean,patient,4150,0.317143,0.451141,70,0.209300,0.424986
pass_greater_than_mean,patient,4200,0.344857,0.471795,70,0.232077,0.457638
pass_greater_than_mean,patient,4250,0.356000,0.477136,70,0.241943,0.470057
pass_greater_than_mean,patient,4300,0.366286,0.467203,70,0.254603,0.477969
pass_greater_than_mean,patient,4350,0.352000,0.465648,70,0.240689,0.463311
pass_greater_than_mean,patient,4400,0.372571,0.474182,70,0.259220,0.485923
pass_greater_than_mean,patient,4450,0.353429,0.474017,70,0.240117,0.466740
pass_greater_than_mean,patient,4500,0.354000,0.472322,70,0.241093,0.466907
pass_greater_than_mean,patient,4550,0.379429,0.483633,70,0.263818,0.495039
pass_greater_than_mean,patient,4600,0.390286,0.479139,70,0.275750,0.504822
pass_greater_than_mean,patient,4650,0.342286,0.472153,70,0.229420,0.455152
pass_greater_than_mean,patient,4700,0.324857,0.455300,70,0.216020,0.433695
pass_greater_than_mean,patient,4750,0.360571,0.466588,70,0.249036,0.472107
pass_greater_than_mean,patient,4800,0.409429,0.482971,70,0.293977,0.524881
pass_less_than_mean,agent,0,0.440000,0.486723,98,0.341667,0.538333
pass_less_than_mean,agent,50,0.446531,0.491619,98,0.347209,0.545853
pass_less_than_mean,agent,100,0.473265,0.499145,98,0.372423,0.574108
pass_less_than_mean,agent,150,0.471837,0.478208,98,0.375224,0.568449
pass_less_than_mean,agent,200,0.446939,0.437473,98,0.358556,0.535322
pass_less_than_mean,agent,250,0.419796,0.470985,98,0.324643,0.514949
pass_less_than_mean,agent,300,0.407143,0.486471,98,0.308861,0.505425
pass_less_than_mean,agent,350,0.424694,0.475969,98,0.328534,0.520854
pass_less_than_mean,agent,400,0.442245,0.480068,98,0.345257,0.539233
pass_less_than_mean,agent,450,0.454694,0.483940,98,0.356923,0.552465
pass_less_than_mean,agent,500,0.509796,0.491111,98,0.410577,0.609015
pass_less_than_mean,agent,550,0.561020,0.480115,98,0.464023,0.658018
pass_less_than_mean,agent,600,0.548776,0.495173,98,0.448735,0.648816
pass_less_than_mean,agent,650,0.585510,0.487449,98,0.487031,0.683990
pass_less_than_mean,agent,700,0.641633,0.472342,98,0.546205,0.737060
pass_less_than_mean,agent,750,0.675102,0.442813,98,0.585640,0.764564
pass_less_than_mean,agent,800,0.710000,0.442609,98,0.620579,0.799421
pass_less_than_mean,agent,850,0.698367,0.450124,98,0.607429,0.789306
pass_less_than_mean,agent,900,0.681020,0.449801,98,0.590147,0.771894
pass_less_than_mean,agent,950,0.694490,0.447018,98,0.604179,0.784801
pass_less_than_mean,agent,1000,0.668776,0.456387,98,0.576571,0.760980
pass_less_than_mean,agent,1050,0.620408,0.475832,98,0.524276,0.716541
pass_less_than_mean,agent,1100,0.595918,0.482604,98,0.498418,0.693419
pass_less_than_mean,agent,1150,0.583061,0.479264,98,0.486235,0.679887
pass_less_than_mean,agent,1200,0.551224,0.484703,98,0.453300,0.649149
pass_less_than_mean,agent,1250,0.541837,0.481493,98,0.444560,0.639113
pass_less_than_mean,agent,1300,0.532857,0.487876,98,0.434291,0.631423
pass_less_than_mean,agent,1350,0.513265,0.491503,98,0.413967,0.612564
pass_less_than_mean,agent,1400,0.498571,0.495716,98,0.398422,0.598721
pass_less_than_mean,agent,1450,0.462245,0.490175,98,0.363215,0.561275
pass_less_than_mean,agent,1500,0.420816,0.490318,98,0.321757,0.519876
pass_less_than_mean,agent,1550,0.404898,0.488972,98,0.306111,0.503685
pass_less_than_mean,agent,1600,0.390204,0.481118,98,0.293004,0.487405
pass_less_than_mean,agent,1650,0.364694,0.462934,98,0.271167,0.458221
pass_less_than_mean,agent,1700,0.362857,0.465547,98,0.268802,0.456912
pass_less_than_mean,agent,1750,0.345306,0.461459,98,0.252077,0.438535
pass_less_than_mean,agent,1800,0.372245,0.474041,98,0.276474,0.468016
pass_less_than_mean,agent,1850,0.382245,0.471338,98,0.287020,0.477470
pass_less_than_mean,agent,1900,0.381837,0.477779,98,0.285311,0.478363
pass_less_than_mean,agent,1950,0.367551,0.464336,98,0.273741,0.461361
pass_less_than_mean,agent,2000,0.392245,0.465739,98,0.298151,0.486338
pass_less_than_mean,agent,2050,0.390816,0.482922,98,0.293251,0.488381
pass_less_than_mean,agent,2100,0.391633,0.469489,98,0.296782,0.486484
pass_less_than_mean,agent,2150,0.380408,0.474687,98,0.284507,0.476309
pass_less_than_mean,agent,2200,0.367755,0.473144,98,0.272166,0.463345
pass_less_than_mean,agent,2250,0.375102,0.478529,98,0.278425,0.471780
pass_less_than_mean,agent,2300,0.397347,0.481241,98,0.300122,0.494572
pass_less_than_mean,agent,2350,0.399796,0.486396,98,0.301529,0.498063
pass_less_than_mean,agent,2400,0.410408,0.485758,98,0.312270,0.508546
pass_less_than_mean,agent,2450,0.403878,0.477395,98,0.307429,0.500326
pass_less_than_mean,agent,2500,0.418571,0.478867,98,0.321826,0.515317
pass_less_than_mean,agent,2550,0.411429,0.490192,98,0.312395,0.510462
pass_less_than_mean,agent,2600,0.364898,0.467325,98,0.270484,0.459312
pass_less_than_mean,agent,2650,0.375102,0.474766,98,0.279185,0.471019
pass_less_than_mean,agent,2700,0.322449,0.460670,98,0.229380,0.415518
pass_less_than_mean,agent,2750,0.327959,0.468899,98,0.233227,0.422691
pass_less_than_mean,agent,2800,0.306735,0.455210,98,0.214768,0.398701
pass_less_than_mean,agent,2850,0.298163,0.439870,98,0.209296,0.387030
pass_less_than_mean,agent,2900,0.338163,0.467995,98,0.243614,0.432713
pass_less_than_mean,agent,2950,0.362041,0.471309,98,0.266822,0.457260
pass_less_than_mean,agent,3000,0.351224,0.459305,98,0.258431,0.444018
pass_less_than_mean,agent,3050,0.311633,0.457063,98,0.219292,0.403973
pass_less_than_mean,agent,3100,0.260408,0.430430,98,0.173448,0.347368
pass_less_than_mean,agent,3150,0.262449,0.434713,98,0.174624,0.350274
pass_less_than_mean,agent,3200,0.292857,0.434172,98,0.205141,0.380573
pass_less_than_mean,patient,0,0.422041,0.488131,98,0.323423,0.520658
pass_less_than_mean,patient,50,0.399796,0.479213,98,0.302980,0.496612
pass_less_than_mean,patient,100,0.378163,0.483084,98,0.280566,0.475761
pass_less_than_mean,patient,150,0.394082,0.467617,98,0.299609,0.488555
pass_less_than_mean,patient,200,0.445918,0.437700,98,0.357490,0.534347
pass_less_than_mean,patient,250,0.510612,0.484091,98,0.412811,0.608413
pass_less_than_mean,patient,300,0.536735,0.491349,98,0.437467,0.636002
pass_less_than_mean,patient,350,0.524082,0.482450,98,0.426612,0.621551
pass_less_than_mean,patient,400,0.512857,0.485945,98,0.414681,0.611033
pass_less_than_mean,patient,450,0.497755,0.487374,98,0.399291,0.596219
pass_less_than_mean,patient,500,0.460408,0.490369,98,0.361339,0.559478
pass_less_than_mean,patient,550,0.409388,0.474393,98,0.313546,0.505230
pass_less_than_mean,patient,600,0.415918,0.487746,98,0.317379,0.514458
pass_less_than_mean,patient,650,0.362449,0.469975,98,0.267500,0.457398
pass_less_than_mean,patient,700,0.287551,0.444063,98,0.197837,0.377265
pass_less_than_mean,patient,750,0.250408,0.407782,98,0.168024,0.332793
pass_less_than_mean,patient,800,0.212857,0.404411,98,0.131154,0.294561
pass_less_than_mean,patient,850,0.216735,0.405353,98,0.134841,0.298628
pass_less_than_mean,patient,900,0.229388,0.407327,98,0.147095,0.311680
pass_less_than_mean,patient,950,0.195918,0.392664,98,0.116588,0.275249
pass_less_than_mean,patient,1000,0.218163,0.391298,98,0.139109,0.297217
pass_less_than_mean,patient,1050,0.258367,0.426935,98,0.172113,0.344621
pass_less_than_mean,patient,1100,0.292041,0.452382,98,0.200646,0.383436
pass_less_than_mean,patient,1150,0.316122,0.444287,98,0.226363,0.405882
pass_less_than_mean,patient,1200,0.371633,0.465511,98,0.277585,0.465680
pass_less_than_mean,patient,1250,0.398163,0.478098,98,0.301573,0.494754
pass_less_than_mean,patient,1300,0.402041,0.478809,98,0.305307,0.498775
pass_less_than_mean,patient,1350,0.427143,0.485928,98,0.328971,0.525315
pass_less_than_mean,patient,1400,0.436327,0.489058,98,0.337522,0.535131
pass_less_than_mean,patient,1450,0.423878,0.479997,98,0.326904,0.520852
pass_less_than_mean,patient,1500,0.424082,0.486968,98,0.325699,0.522464
pass_less_than_mean,patient,1550,0.412857,0.478419,98,0.316202,0.509512
pass_less_than_mean,patient,1600,0.410204,0.482299,98,0.312765,0.507643
pass_less_than_mean,patient,1650,0.428163,0.478019,98,0.331589,0.524738
pass_less_than_mean,patient,1700,0.441224,0.480359,98,0.344177,0.538272
pass_less_than_mean,patient,1750,0.485510,0.489980,98,0.386519,0.584501
pass_less_than_mean,patient,1800,0.472857,0.487918,98,0.374283,0.571431
pass_less_than_mean,patient,1850,0.442245,0.486756,98,0.343905,0.540584
pass_less_than_mean,patient,1900,0.458163,0.492510,98,0.358661,0.557665
pass_less_than_mean,patient,1950,0.484082,0.483526,98,0.386395,0.581769
pass_less_than_mean,patient,2000,0.452653,0.473891,98,0.356913,0.548393
pass_less_than_mean,patient,2050,0.438571,0.488239,98,0.339932,0.537211
pass_less_than_mean,patient,2100,0.428776,0.474462,98,0.332920,0.524631
pass_less_than_mean,patient,2150,0.405714,0.479845,98,0.308771,0.502658
pass_less_than_mean,patient,2200,0.381837,0.472904,98,0.286296,0.477378
pass_less_than_mean,patient,2250,0.386122,0.477506,98,0.289652,0.482593
pass_less_than_mean,patient,2300,0.397143,0.477960,98,0.300580,0.493705
pass_less_than_mean,patient,2350,0.397347,0.476375,98,0.301105,0.493589
pass_less_than_mean,patient,2400,0.412449,0.482113,98,0.315047,0.509851
pass_less_than_mean,patient,2450,0.442449,0.486877,98,0.344085,0.540813
pass_less_than_mean,patient,2500,0.450204,0.489412,98,0.351328,0.549080
pass_less_than_mean,patient,2550,0.441429,0.489589,98,0.342517,0.540340
pass_less_than_mean,patient,2600,0.445918,0.490875,98,0.346747,0.545090
pass_less_than_mean,patient,2650,0.421837,0.486147,98,0.323620,0.520053
pass_less_than_mean,patient,2700,0.473061,0.491546,98,0.373754,0.572368
pass_less_than_mean,patient,2750,0.462245,0.494038,98,0.362434,0.562056
pass_less_than_mean,patient,2800,0.494286,0.493044,98,0.394676,0.593896
pass_less_than_mean,patient,2850,0.506531,0.483328,98,0.408884,0.604178
pass_less_than_mean,patient,2900,0.492449,0.492781,98,0.392892,0.592006
pass_less_than_mean,patient,2950,0.476122,0.488918,98,0.377346,0.574899
pass_less_than_mean,patient,3000,0.481224,0.485449,98,0.383149,0.579300
pass_less_than_mean,patient,3050,0.496327,0.497286,98,0.395860,0.596794
pass_less_than_mean,patient,3100,0.487143,0.487131,98,0.388727,0.585558
pass_less_than_mean,patient,3150,0.432245,0.486118,98,0.334034,0.530455
pass_less_than_mean,patient,3200,0.407959,0.484206,98,0.310135,0.505784
